product_id,product_name,category,subcategory,brand,cost,selling_price
P2001,Orenda Mobiles Classic,Electronics,Mobiles,Urbana,9590.26,12790.69
P2002,Nimbus Headphones,Electronics,Headphones,Craveon,14469.25,17907.02
P2003,Petal Laptops Air,Electronics,Laptops,Bexley,8838.45,12639.73
P2004,Solace Headphones Pro,Electronics,Headphones,Bexley,12392.19,16268.32
P2005,Orenda Mobiles Classic,Electronics,Mobiles,Orenda,10319.48,13118.95
P2006,Trekko Mobiles Classic,Electronics,Mobiles,Nordik,6560.37,9894.68
P2007,Petal Headphones Lite,Electronics,Headphones,Petal,14251.12,20486.37
P2008,Lumex Mobiles Lite,Electronics,Mobiles,Orenda,5646.56,8345.75
P2009,Marvo Mobiles Max,Electronics,Mobiles,Aurex,436.71,520.16
P2010,Lumex Accessories Plus,Electronics,Accessories,Klipso,9937.54,12585.89
P2011,Forgeon Cameras Classic,Electronics,Cameras,Aurex,14273.22,18903.8
P2012,Nordik Laptops Lite,Electronics,Laptops,Forgeon,6469.0,9193.95
P2013,Zylo Mobiles Lite,Electronics,Mobiles,Urbana,11525.15,15446.28
P2014,Orenda Mobiles Max,Electronics,Mobiles,Klipso,3249.31,4741.79
P2015,Klipso Laptops Pro,Electronics,Laptops,Petal,4839.25,5904.1
P2016,Petal Mobiles Lite,Electronics,Mobiles,Zylo,9493.02,11260.44
P2017,Petal Cameras Air,Electronics,Cameras,Forgeon,,20443.52
P2018,Klipso Laptops Lite,Electronics,Laptops,Petal,14789.14,19012.29
P2019,Zylo Headphones Pro,Electronics,Headphones,Vantra,14569.52,17603.26
P2020,Forgeon Headphones Air,Electronics,Headphones,Urbana,,765.84
P2021,Petal Laptops,Electronics,Laptops,Forgeon,6999.81,8282.19
P2022,Bexley Mobiles Lite,Electronics,Mobiles,Forgeon,7706.91,9872.55
P2023,Urbana Headphones Air,Electronics,Headphones,Forgeon,5067.65,7116.22
P2024,Nimbus Headphones Plus,Electronics,Headphones,Urbana,2488.32,3624.54
P2025,Solace Laptops Classic,Electronics,Laptops,Klipso,8751.36,13266.87
P2026,Craveon Headphones Classic,Electronics,Headphones,Zylo,5504.37,8493.72
P2027,Urbana Mobiles Max,Electronics,Mobiles,Nimbus,8658.62,13328.74
P2028,Klipso Laptops Plus,Electronics,Laptops,Vantra,454.56,655.11
P2029,Klipso Laptops Max,Electronics,Laptops,Nordik,12258.49,14357.99
P2030,Craveon Headphones Max,Electronics,Headphones,Trekko,8705.6,12804.0
P2031,Bexley Laptops Air,Electronics,Laptops,Bexley,8437.53,9918.53
P2032,Vantra Headphones Classic,Electronics,Headphones,Vantra,10417.04,12232.09
P2033,Zylo Laptops Lite,Electronics,Laptops,Zylo,12271.16,14323.07
P2034,Nordik Accessories,Electronics,Accessories,Petal,2104.09,2651.24
P2035,Solace Laptops Max,Electronics,Laptops,Aurex,,14664.13
P2036,Marvo Accessories Classic,Electronics,Accessories,Klipso,1811.45,2186.57
P2037,Petal Headphones Classic,Electronics,Headphones,Trekko,5564.61,8260.59
P2038,Nimbus Laptops,Electronics,Laptops,Vantra,7035.1,8995.39
P2039,Orenda Laptops Pro,Electronics,Laptops,Vantra,8440.0,10585.53
P2040,Solace Accessories Pro,Electronics,Accessories,Craveon,6047.34,7758.99
P2041,Marvo Accessories Air,Electronics,Accessories,Bexley,12071.91,18345.71
P2042,Vantra Mobiles Lite,Electronics,Mobiles,Forgeon,11405.6,15119.64
P2043,Craveon Headphones,Electronics,Headphones,Orenda,7589.81,9108.0
P2044,Solace Cameras Air,Electronics,Cameras,Nimbus,11215.63,15573.91
P2045,Klipso Mobiles Pro,Electronics,Mobiles,Klipso,13541.48,16659.33
P2046,Vantra Laptops,Electronics,Laptops,Trekko,11407.91,16243.37
P2047,Zylo Accessories,Electronics,Accessories,Vantra,4024.39,5702.37
P2048,Solace Laptops,Electronics,Laptops,Nimbus,13869.38,21045.04
P2049,Lumex Headphones Lite,Electronics,Headphones,Orenda,,12637.52
P2050,Nimbus Accessories Pro,Electronics,Accessories,Zylo,13090.35,18498.12
P2051,Urbana Headphones Air,Electronics,Headphones,Vantra,4690.99,5745.99
P2052,Urbana Cameras Pro,Electronics,Cameras,Solace,1787.25,2091.25
P2053,Nimbus Cameras,Electronics,Cameras,Nimbus,11323.84,14090.68
P2054,Urbana Laptops Max,Electronics,Laptops,Marvo,412.58,540.03
P2055,Nordik Laptops,Electronics,Laptops,Solace,7264.98,8846.51
P2056,Petal Headphones Classic,Electronics,Headphones,Vantra,708.52,868.4
P2057,Klipso Accessories Pro,Electronics,Accessories,Trekko,10202.59,12068.62
P2058,Solace Headphones,Electronics,Headphones,Trekko,8347.8,10088.86
P2059,Lumex Headphones Air,Electronics,Headphones,Petal,2975.55,3889.73
P2060,Aurex Cameras Air,Electronics,Cameras,Forgeon,1557.34,1898.84
P2061,Vantra Cameras Classic,Electronics,Cameras,Aurex,,6751.39
P2062,Nimbus Accessories,Electronics,Accessories,Urbana,11251.61,13275.92
P2063,Vantra Cameras Classic,Electronics,Cameras,Nimbus,12913.74,19067.05
P2064,Marvo Mobiles,Electronics,Mobiles,Trekko,11501.58,0.0
P2065,Nordik Accessories Pro,Electronics,Accessories,Aurex,12352.08,15108.09
P2066,Orenda Laptops,Electronics,Laptops,Lumex,1909.92,2230.75
P2067,Aurex Accessories,Electronics,Accessories,Aurex,14092.69,0.0
P2068,Aurex Headphones Air,Electronics,Headphones,Klipso,13768.39,17335.03
P2069,Bexley Mobiles Lite,Electronics,Mobiles,Nimbus,13618.11,20584.75
P2070,Marvo Laptops,Electronics,Laptops,Aurex,13858.96,18688.27
P2071,Orenda Laptops Air,Electronics,Laptops,Craveon,12995.9,19887.71
P2072,Zylo Laptops Classic,Electronics,Laptops,Urbana,4903.02,6459.97
P2073,Trekko Cameras Lite,Electronics,Cameras,Solace,10802.64,13720.91
P2074,Nimbus Headphones Lite,Electronics,Headphones,Bexley,11319.45,13351.93
P2075,Orenda Mobiles Classic,Electronics,Mobiles,Craveon,7876.3,9443.1
P2076,Solace Cameras Air,Electronics,Cameras,Orenda,4435.19,5559.29
P2077,Nordik Mobiles,Electronics,Mobiles,Klipso,12592.03,15455.54
P2078,Trekko Laptops Max,Electronics,Laptops,Nimbus,,17811.04
P2079,Bexley Headphones Classic,Electronics,Headphones,Vantra,7508.3,9336.85
P2080,Bexley Mobiles Plus,Electronics,Mobiles,Klipso,3442.1,4598.54
P2081,Lumex Mobiles Max,Electronics,Mobiles,Petal,181.69,247.56
P2082,Trekko Headphones Max,Electronics,Headphones,Petal,14294.05,17322.71
P2083,Forgeon Mobiles Air,Electronics,Mobiles,Urbana,8621.52,13231.55
P2084,Urbana Laptops Classic,Electronics,Laptops,Marvo,12914.81,19245.03
P2085,Zylo Headphones Max,Electronics,Headphones,Nimbus,12336.66,15712.09
P2086,Nordik Mobiles Classic,Electronics,Mobiles,Vantra,13364.72,20401.73
P2087,Marvo Laptops Pro,Electronics,Laptops,Marvo,7462.1,9639.75
P2088,Klipso Mobiles,Electronics,Mobiles,Klipso,6242.72,8013.67
P2089,Aurex Accessories Pro,Electronics,Accessories,Klipso,,4507.47
P2090,Forgeon Cameras Lite,Electronics,Cameras,Petal,8460.82,11295.48
P2091,Nimbus Accessories Plus,Electronics,Accessories,Klipso,1482.89,2178.01
P2092,Solace Cameras Lite,Electronics,Cameras,Aurex,2665.26,3187.18
P2093,Urbana Cameras Max,Electronics,Cameras,Urbana,9364.92,12262.97
P2094,Orenda Laptops Pro,Electronics,Laptops,Vantra,944.14,1220.04
P2095,Bexley Accessories Max,Electronics,Accessories,Orenda,11588.12,16178.17
P2096,Trekko Laptops,Electronics,Laptops,Klipso,5473.65,6714.65
P2097,Vantra Accessories Air,Electronics,Accessories,Forgeon,9495.34,14290.7
P2098,Solace Cameras Pro,Electronics,Cameras,Klipso,9711.78,14326.44
P2099,Forgeon Accessories Classic,Electronics,Accessories,Nordik,7846.84,11277.39
P2100,Marvo Cameras Lite,Electronics,Cameras,Trekko,13448.59,19625.15
P2101,Trekko Accessories Classic,Electronics,Accessories,Urbana,13652.32,18054.59
P2102,Aurex Accessories Plus,Electronics,Accessories,Craveon,13568.09,18976.7
P2103,Klipso Accessories Lite,Electronics,Accessories,Nordik,13057.23,15221.47
P2104,Lumex Cameras Lite,Electronics,Cameras,Craveon,9884.89,14720.48
P2105,Craveon Cameras Air,Electronics,Cameras,Forgeon,2654.32,3755.11
P2106,Nordik Laptops,Electronics,Laptops,Petal,12383.07,15666.81
P2107,Marvo Accessories Max,Electronics,Accessories,Marvo,6108.43,8416.24
P2108,Urbana Headphones,Electronics,Headphones,Zylo,7811.56,9105.75
P2109,Trekko Headphones Plus,Electronics,Headphones,Zylo,1525.15,1815.21
P2110,Urbana Accessories Air,Electronics,Accessories,Lumex,3970.91,4957.07
P2111,Vantra Mobiles Max,Electronics,Mobiles,Klipso,,15371.73
P2112,Craveon Laptops Pro,Electronics,Laptops,Trekko,11471.44,13512.88
P2113,Vantra Cameras,Electronics,Cameras,Trekko,7303.95,9345.48
P2114,Urbana Accessories Max,Electronics,Accessories,Vantra,12756.59,18281.67
P2115,Forgeon Footwear,Fashion,Footwear,Klipso,13045.41,15244.49
P2116,Klipso Women's Wear Max,Fashion,Women's Wear,Zylo,10826.31,14788.78
P2117,Solace Bags Air,Fashion,Bags,Craveon,,16753.53
P2118,Nordik Watches,Fashion,Watches,Bexley,8126.13,9513.32
P2119,Nimbus Watches Lite,Fashion,Watches,Petal,10044.42,12648.5
P2120,Aurex Footwear Max,Fashion,Footwear,Nimbus,344.42,405.24
P2121,Petal Bags Air,Fashion,Bags,Vantra,14361.42,18503.7
P2122,Zylo Bags Plus,Fashion,Bags,Vantra,13027.73,19982.86
P2123,Bexley Women's Wear Max,Fashion,Women's Wear,Solace,14151.84,21265.83
P2124,Orenda Bags Plus,Fashion,Bags,Vantra,13427.92,16994.42
P2125,Lumex Men's Wear Max,Fashion,Men's Wear,Forgeon,2314.47,3253.46
P2126,Vantra Watches Lite,Fashion,Watches,Klipso,7347.18,8739.46
P2127,Craveon Women's Wear Pro,Fashion,Women's Wear,Klipso,10179.24,13997.92
P2128,Aurex Footwear Air,Fashion,Footwear,Aurex,12952.86,18052.06
P2129,Nimbus Men's Wear Plus,Fashion,Men's Wear,Trekko,8630.5,11446.64
P2130,Bexley Bags Plus,Fashion,Bags,Lumex,6968.67,10674.28
P2131,Nordik Men's Wear Air,Fashion,Men's Wear,Zylo,2119.77,2816.09
P2132,Vantra Watches Air,Fashion,Watches,Aurex,9854.62,13039.68
P2133,Zylo Women's Wear Classic,Fashion,Women's Wear,Aurex,4284.07,5419.1
P2134,Lumex Men's Wear Pro,Fashion,Men's Wear,Aurex,3543.16,4562.04
P2135,Bexley Bags Lite,Fashion,Bags,Aurex,13081.54,17687.42
P2136,Zylo Men's Wear Max,Fashion,Men's Wear,Solace,3641.57,4747.92
P2137,Lumex Footwear Lite,Fashion,Footwear,Nordik,1632.16,2467.2
P2138,Solace Watches Classic,Fashion,Watches,Klipso,6152.56,9488.21
P2139,Solace Women's Wear Max,Fashion,Women's Wear,Nimbus,5245.7,7787.46
P2140,Lumex Watches Plus,Fashion,Watches,Urbana,3882.96,4583.68
P2141,Zylo Footwear Plus,Fashion,Footwear,Orenda,524.41,730.22
P2142,Klipso Women's Wear Plus,Fashion,Women's Wear,Trekko,4708.03,6249.48
P2143,Vantra Women's Wear,Fashion,Women's Wear,Aurex,12288.77,15351.66
P2144,Lumex Bags,Fashion,Bags,Orenda,4664.35,6941.18
P2145,Petal Women's Wear Lite,Fashion,Women's Wear,Klipso,7416.8,10984.77
P2146,Solace Bags Air,Fashion,Bags,Vantra,5648.42,7395.75
P2147,Klipso Men's Wear Plus,Fashion,Men's Wear,Vantra,2548.72,3865.23
P2148,Urbana Women's Wear Pro,Fashion,Women's Wear,Petal,13456.92,20773.27
P2149,Trekko Women's Wear Plus,Fashion,Women's Wear,Marvo,6066.58,8963.04
P2150,Zylo Watches,Fashion,Watches,Nordik,6253.56,8327.99
P2151,Craveon Women's Wear Classic,Fashion,Women's Wear,Marvo,12458.49,15211.15
P2152,Nordik Bags Lite,Fashion,Bags,Orenda,3343.65,4266.13
P2153,Petal Footwear Pro,Fashion,Footwear,Vantra,11833.28,15372.15
P2154,Bexley Women's Wear Lite,Fashion,Women's Wear,Forgeon,5404.61,8374.59
P2155,Orenda Bags Plus,Fashion,Bags,Vantra,5787.9,7229.71
P2156,Vantra Women's Wear Classic,Fashion,Women's Wear,Trekko,9367.04,13776.59
P2157,Nordik Men's Wear Max,Fashion,Men's Wear,Trekko,1090.64,1524.23
P2158,Klipso Women's Wear Pro,Fashion,Women's Wear,Orenda,584.25,794.89
P2159,Craveon Women's Wear Plus,Fashion,Women's Wear,Craveon,,4953.21
P2160,Forgeon Men's Wear Plus,Fashion,Men's Wear,Lumex,7033.08,10696.21
P2161,Marvo Men's Wear,Fashion,Men's Wear,Craveon,10674.48,16275.79
P2162,Nordik Watches Lite,Fashion,Watches,Zylo,9916.57,11432.25
P2163,Marvo Bags Max,Fashion,Bags,Petal,4020.5,6080.24
P2164,Trekko Bags Plus,Fashion,Bags,Lumex,9669.51,14916.76
P2165,Petal Footwear,Fashion,Footwear,Solace,2381.66,3021.61
P2166,Lumex Women's Wear Max,Fashion,Women's Wear,Aurex,5467.4,7001.68
P2167,Nimbus Footwear,Fashion,Footwear,Klipso,3817.27,5066.99
P2168,Bexley Watches Max,Fashion,Watches,Orenda,9652.36,12301.96
P2169,Zylo Women's Wear Air,Fashion,Women's Wear,Petal,1241.51,1779.6
P2170,Aurex Women's Wear Air,Fashion,Women's Wear,Vantra,6912.3,9487.77
P2171,Lumex Bags Max,Fashion,Bags,Nimbus,6858.24,10329.49
P2172,Forgeon Footwear Pro,Fashion,Footwear,Solace,,12767.13
P2173,Lumex Bags Classic,Fashion,Bags,Nordik,7683.1,9734.76
P2174,Forgeon Men's Wear Plus,Fashion,Men's Wear,Urbana,5363.87,7288.7
P2175,Petal Watches Max,Fashion,Watches,Vantra,7973.34,11361.49
P2176,Zylo Women's Wear Pro,Fashion,Women's Wear,Zylo,3406.2,4814.79
P2177,Nimbus Women's Wear Air,Fashion,Women's Wear,Petal,11689.89,16607.09
P2178,Bexley Footwear Pro,Fashion,Footwear,Klipso,7253.33,11218.52
P2179,Lumex Women's Wear Pro,Fashion,Women's Wear,Orenda,6101.96,7277.42
P2180,Urbana Men's Wear,Fashion,Men's Wear,Vantra,12331.49,15227.92
P2181,Orenda Men's Wear Plus,Fashion,Men's Wear,Klipso,10713.62,13087.66
P2182,Solace Footwear Classic,Fashion,Footwear,Bexley,302.32,366.99
P2183,Lumex Bags Air,Fashion,Bags,Trekko,5685.98,6781.37
P2184,Craveon Men's Wear Max,Fashion,Men's Wear,Bexley,3005.3,4375.27
P2185,Urbana Footwear Pro,Fashion,Footwear,Forgeon,11559.76,17073.71
P2186,Nimbus Bags,Fashion,Bags,Lumex,12625.27,16642.31
P2187,Solace Watches Plus,Fashion,Watches,Forgeon,13019.87,17711.9
P2188,Orenda Women's Wear Air,Fashion,Women's Wear,Vantra,7085.43,10184.7
P2189,Solace Men's Wear Pro,Fashion,Men's Wear,Lumex,3246.59,4758.85
P2190,Lumex Bags Classic,Fashion,Bags,Petal,6470.51,7770.55
P2191,Orenda Footwear Max,Fashion,Footwear,Bexley,1833.71,2229.72
P2192,Solace Men's Wear Classic,Fashion,Men's Wear,Zylo,13364.06,20665.85
P2193,Nimbus Footwear Pro,Fashion,Footwear,Craveon,5386.76,6824.26
P2194,Petal Women's Wear Pro,Fashion,Women's Wear,Lumex,3320.63,4912.96
P2195,Forgeon Footwear,Fashion,Footwear,Urbana,3177.65,4828.87
P2196,Lumex Men's Wear Lite,Fashion,Men's Wear,Forgeon,10026.89,15129.08
P2197,Bexley Bags,Fashion,Bags,Vantra,8332.45,11884.34
P2198,Zylo Women's Wear Classic,Fashion,Women's Wear,Vantra,9310.9,13803.21
P2199,Trekko Footwear Plus,Fashion,Footwear,Lumex,12546.12,17387.88
P2200,Aurex Watches Air,Fashion,Watches,Nordik,9505.99,14437.23
P2201,Lumex Bags Plus,Fashion,Bags,Orenda,13951.5,19751.14
P2202,Vantra Footwear Max,Fashion,Footwear,Trekko,165.93,197.75
P2203,Aurex Footwear Pro,Fashion,Footwear,Bexley,12876.24,15244.0
P2204,Bexley Bags Max,Fashion,Bags,Craveon,3242.11,4027.41
P2205,Urbana Footwear,Fashion,Footwear,Lumex,9023.51,12458.34
P2206,Zylo Women's Wear Classic,Fashion,Women's Wear,Nimbus,4376.79,5396.78
P2207,Lumex Men's Wear,Fashion,Men's Wear,Lumex,11479.75,17497.23
P2208,Vantra Women's Wear Air,Fashion,Women's Wear,Urbana,839.44,1010.07
P2209,Bexley Footwear Pro,Fashion,Footwear,Petal,9650.35,14203.16
P2210,Urbana Men's Wear Lite,Fashion,Men's Wear,Nordik,11878.27,17079.45
P2211,Craveon Men's Wear Pro,Fashion,Men's Wear,Marvo,13317.05,16472.39
P2212,Vantra Women's Wear Classic,Fashion,Women's Wear,Aurex,1654.0,2309.22
P2213,Lumex Men's Wear Air,Fashion,Men's Wear,Marvo,12343.02,17068.14
P2214,Forgeon Women's Wear,Fashion,Women's Wear,Nordik,14446.81,21211.18
P2215,Aurex Watches Air,Fashion,Watches,Urbana,10526.84,12359.59
P2216,Orenda Footwear Plus,Fashion,Footwear,Zylo,1660.75,2431.23
P2217,Marvo Watches,Fashion,Watches,Urbana,3013.66,3500.47
P2218,Craveon Watches Classic,Fashion,Watches,Bexley,13665.87,20585.2
P2219,Forgeon Men's Wear Classic,Fashion,Men's Wear,Forgeon,3316.33,4848.75
P2220,Solace Bags Lite,Fashion,Bags,Nimbus,767.3,969.89
P2221,Craveon Watches Air,Fashion,Watches,Marvo,9373.82,13641.45
P2222,Craveon Footwear,Fashion,Footwear,Aurex,205.47,263.1
P2223,Orenda Watches Pro,Fashion,Watches,Zylo,3254.47,5042.84
P2224,Bexley Footwear Classic,Fashion,Footwear,Vantra,10081.18,13229.22
P2225,Trekko Men's Wear Lite,Fashion,Men's Wear,Nimbus,1181.01,1640.98
P2226,Marvo Women's Wear Air,Fashion,Women's Wear,Lumex,9643.44,14239.14
P2227,Forgeon Watches,Fashion,Watches,Marvo,4364.22,6732.12
P2228,Nimbus Bags,Fashion,Bags,Aurex,6620.01,8396.67
P2229,Urbana Decor Plus,Home,Decor,Zylo,5259.32,7141.29
P2230,Craveon Kitchen,Home,Kitchen,Urbana,14053.69,20294.42
P2231,Forgeon Decor Classic,Home,Decor,Klipso,8677.79,10544.59
P2232,Bexley Decor Lite,Home,Decor,Urbana,2282.83,3083.83
P2233,Vantra Decor Classic,Home,Decor,Solace,10944.2,15873.52
P2234,Petal Furniture Pro,Home,Furniture,Solace,3427.42,4078.77
P2235,Nimbus Kitchen Max,Home,Kitchen,Orenda,5797.69,8796.66
P2236,Bexley Decor,Home,Decor,Vantra,8203.24,10484.07
P2237,Aurex Bedding Pro,Home,Bedding,Nimbus,4888.38,5879.91
P2238,Trekko Furniture Pro,Home,Furniture,Urbana,7124.69,10448.68
P2239,Craveon Decor Air,Home,Decor,Solace,14529.95,19624.7
P2240,Trekko Furniture Max,Home,Furniture,Klipso,2549.86,3628.91
P2241,Zylo Decor Plus,Home,Decor,Zylo,11364.03,13394.55
P2242,Nordik Bedding Lite,Home,Bedding,Forgeon,12759.58,18906.24
P2243,Urbana Kitchen Max,Home,Kitchen,Trekko,7114.49,9776.51
P2244,Orenda Furniture Lite,Home,Furniture,Orenda,10715.45,15223.43
P2245,Urbana Kitchen Plus,Home,Kitchen,Zylo,297.21,356.35
P2246,Solace Bedding,Home,Bedding,Nordik,2480.73,3602.69
P2247,Urbana Decor Plus,Home,Decor,Orenda,6629.25,9070.15
P2248,Nimbus Kitchen Max,Home,Kitchen,Trekko,11601.68,14924.32
P2249,Nordik Decor,Home,Decor,Nordik,11245.91,14922.42
P2250,Petal Decor Pro,Home,Decor,Marvo,5688.84,7300.0
P2251,Zylo Furniture Lite,Home,Furniture,Nimbus,14475.92,21117.32
P2252,Marvo Decor,Home,Decor,Trekko,351.93,539.5
P2253,Nimbus Furniture Pro,Home,Furniture,Orenda,11642.82,14083.97
P2254,Forgeon Bedding Air,Home,Bedding,Lumex,1191.25,1516.79
P2255,Nimbus Kitchen Classic,Home,Kitchen,Orenda,9381.51,13102.39
P2256,Aurex Furniture Pro,Home,Furniture,Bexley,4173.96,5544.15
P2257,Craveon Decor Classic,Home,Decor,Craveon,3217.76,3765.52
P2258,Nordik Decor Lite,Home,Decor,Lumex,7778.71,10025.17
P2259,Nordik Furniture Plus,Home,Furniture,Nordik,8166.09,12482.71
P2260,Lumex Bedding Lite,Home,Bedding,Bexley,2193.39,2524.12
P2261,Marvo Kitchen Max,Home,Kitchen,Urbana,1199.33,1601.21
P2262,Klipso Bedding Max,Home,Bedding,Craveon,10618.63,14678.19
P2263,Zylo Decor Air,Home,Decor,Bexley,7448.67,9620.59
P2264,Klipso Bedding Plus,Home,Bedding,Bexley,4684.11,6091.75
P2265,Solace Decor,Home,Decor,Petal,9193.94,11189.96
P2266,Lumex Bedding Classic,Home,Bedding,Orenda,11581.86,15984.14
P2267,Urbana Decor Classic,Home,Decor,Forgeon,4073.89,5501.63
P2268,Lumex Bedding Pro,Home,Bedding,Marvo,14443.54,16728.46
P2269,Forgeon Bedding Max,Home,Bedding,Nimbus,3032.86,4031.74
P2270,Zylo Furniture Plus,Home,Furniture,Vantra,9594.67,11848.37
P2271,Urbana Kitchen Max,Home,Kitchen,Vantra,13974.49,19662.51
P2272,Trekko Kitchen Lite,Home,Kitchen,Zylo,13167.61,16877.28
P2273,Nordik Bedding Plus,Home,Bedding,Marvo,12442.86,16191.74
P2274,Bexley Furniture Lite,Home,Furniture,Bexley,3828.64,5799.1
P2275,Aurex Decor Pro,Home,Decor,Urbana,1428.67,2181.8
P2276,Bexley Decor Plus,Home,Decor,Zylo,6904.8,10682.07
P2277,Vantra Furniture,Home,Furniture,Aurex,8116.94,11793.88
P2278,Lumex Decor Max,Home,Decor,Vantra,155.71,210.0
P2279,Aurex Furniture,Home,Furniture,Vantra,,16204.07
P2280,Marvo Kitchen,Home,Kitchen,Nimbus,2412.83,3179.12
P2281,Marvo Kitchen Classic,Home,Kitchen,Trekko,6315.13,7524.2
P2282,Petal Bedding Air,Home,Bedding,Solace,6673.53,9829.02
P2283,Aurex Bedding Max,Home,Bedding,Orenda,4537.7,6003.51
P2284,Zylo Kitchen Lite,Home,Kitchen,Petal,,16761.63
P2285,Lumex Kitchen Plus,Home,Kitchen,Lumex,,12871.86
P2286,Aurex Kitchen Air,Home,Kitchen,Orenda,11425.19,16410.86
P2287,Nimbus Bedding Max,Home,Bedding,Aurex,10910.45,12804.56
P2288,Nordik Bedding Pro,Home,Bedding,Nordik,8035.34,11757.21
P2289,Urbana Kitchen Max,Home,Kitchen,Urbana,1456.27,1681.73
P2290,Vantra Furniture Lite,Home,Furniture,Zylo,12227.7,17545.74
P2291,Zylo Decor Max,Home,Decor,Lumex,6212.49,9481.24
P2292,Solace Decor Max,Home,Decor,Orenda,11510.64,17693.52
P2293,Aurex Bedding Lite,Home,Bedding,Orenda,13943.26,18719.07
P2294,Nimbus Kitchen Plus,Home,Kitchen,Vantra,11332.9,16066.39
P2295,Trekko Decor Classic,Home,Decor,Urbana,12181.11,17846.24
P2296,Petal Bedding,Home,Bedding,Lumex,2340.82,2910.8
P2297,Forgeon Bedding,Home,Bedding,Lumex,4022.69,5943.12
P2298,Craveon Bedding Pro,Home,Bedding,Nimbus,12170.59,16407.59
P2299,Trekko Furniture Plus,Home,Furniture,Lumex,8733.44,12932.21
P2300,Trekko Decor Lite,Home,Decor,Lumex,4723.27,5526.56
P2301,Petal Decor,Home,Decor,Klipso,7264.82,11009.74
P2302,Bexley Decor Pro,Home,Decor,Craveon,11867.5,15387.96
P2303,Nordik Kitchen Air,Home,Kitchen,Orenda,1018.33,1430.52
P2304,Marvo Furniture Max,Home,Furniture,Lumex,12525.64,17736.05
P2305,Petal Furniture Max,Home,Furniture,Lumex,6404.87,7681.63
P2306,Marvo Kitchen Lite,Home,Kitchen,Nordik,13666.07,17224.49
P2307,Vantra Kitchen Plus,Home,Kitchen,Trekko,3403.09,5024.29
P2308,Aurex Furniture Pro,Home,Furniture,Bexley,14719.24,20813.95
P2309,Urbana Kitchen Lite,Home,Kitchen,Orenda,9390.92,11999.46
P2310,Marvo Furniture Classic,Home,Furniture,Nordik,355.18,435.71
P2311,Trekko Kitchen Pro,Home,Kitchen,Lumex,8787.24,10637.19
P2312,Forgeon Decor Lite,Home,Decor,Trekko,13263.35,16251.02
P2313,Vantra Furniture Air,Home,Furniture,Nimbus,7855.46,10642.62
P2314,Urbana Kitchen Classic,Home,Kitchen,Orenda,9078.99,11629.95
P2315,Forgeon Kitchen Lite,Home,Kitchen,Trekko,13109.34,17405.54
P2316,Bexley Kitchen Lite,Home,Kitchen,Klipso,10517.3,14770.12
P2317,Petal Decor Pro,Home,Decor,Nimbus,1801.48,2520.37
P2318,Zylo Bedding Pro,Home,Bedding,Lumex,,12502.72
P2319,Urbana Furniture Lite,Home,Furniture,Solace,13219.11,16000.17
P2320,Zylo Bedding Pro,Home,Bedding,Aurex,1271.19,1611.66
P2321,Petal Decor,Home,Decor,Nordik,14799.86,17147.55
P2322,Vantra Furniture Air,Home,Furniture,Aurex,10109.74,14086.97
P2323,Urbana Kitchen Lite,Home,Kitchen,Vantra,9716.35,12022.18
P2324,Klipso Furniture,Home,Furniture,Orenda,3439.42,4547.8
P2325,Marvo Kitchen Max,Home,Kitchen,Zylo,1483.07,1749.79
P2326,Orenda Kitchen Lite,Home,Kitchen,Bexley,1370.97,1890.83
P2327,Nimbus Furniture,Home,Furniture,Petal,5996.24,7599.91
P2328,Zylo Kitchen Plus,Home,Kitchen,Orenda,4771.5,5882.85
P2329,Marvo Bedding Classic,Home,Bedding,Lumex,6202.0,7636.05
P2330,Vantra Kitchen Pro,Home,Kitchen,Solace,10485.79,12578.47
P2331,Forgeon Furniture Plus,Home,Furniture,Klipso,14226.22,16871.27
P2332,Nordik Bedding Lite,Home,Bedding,Aurex,14154.74,20995.98
P2333,Solace Bedding Lite,Home,Bedding,Petal,10226.65,15492.56
P2334,Orenda Decor Plus,Home,Decor,Marvo,2131.32,2601.33
P2335,Trekko Furniture Classic,Home,Furniture,Marvo,3819.68,4766.67
P2336,Marvo Furniture Max,Home,Furniture,Lumex,4697.18,6483.29
P2337,Vantra Furniture Classic,Home,Furniture,Lumex,471.18,613.9
P2338,Orenda Decor Air,Home,Decor,Forgeon,3733.46,5199.41
P2339,Lumex Decor Max,Home,Decor,Forgeon,14778.28,20055.04
P2340,Aurex Bedding Classic,Home,Bedding,Nordik,6413.99,8320.85
P2341,Urbana Decor Air,Home,Decor,Vantra,11784.99,13892.06
P2342,Urbana Kitchen Pro,Home,Kitchen,Vantra,14398.57,18965.32
P2343,Lumex Makeup Pro,Beauty,Makeup,Nordik,4739.83,7297.57
P2344,Bexley Fragrance Max,Beauty,Fragrance,Craveon,14041.39,19753.06
P2345,Urbana Fragrance,Beauty,Fragrance,Forgeon,326.69,473.51
P2346,Nimbus Fragrance,Beauty,Fragrance,Solace,5066.58,6613.47
P2347,Nordik Skincare,Beauty,Skincare,Nimbus,2423.19,3294.04
P2348,Petal Skincare Classic,Beauty,Skincare,Bexley,11181.06,14079.24
P2349,Craveon Makeup Classic,Beauty,Makeup,Forgeon,14084.06,17293.74
P2350,Bexley Skincare Classic,Beauty,Skincare,Forgeon,1040.62,1464.93
P2351,Craveon Fragrance Lite,Beauty,Fragrance,Solace,12747.32,19519.37
P2352,Nordik Fragrance,Beauty,Fragrance,Craveon,11519.21,14167.02
P2353,Bexley Fragrance Lite,Beauty,Fragrance,Aurex,14666.03,22259.72
P2354,Petal Fragrance Air,Beauty,Fragrance,Zylo,2489.35,3419.16
P2355,Trekko Makeup Classic,Beauty,Makeup,Forgeon,8354.99,11087.19
P2356,Petal Skincare Pro,Beauty,Skincare,Marvo,14765.01,17331.89
P2357,Aurex Fragrance Plus,Beauty,Fragrance,Nimbus,9426.77,11614.93
P2358,Klipso Haircare,Beauty,Haircare,Forgeon,7933.6,11598.1
P2359,Lumex Makeup,Beauty,Makeup,Forgeon,3738.57,4887.6
P2360,Craveon Haircare Pro,Beauty,Haircare,Zylo,14263.98,20748.28
P2361,Forgeon Skincare,Beauty,Skincare,Craveon,8612.21,10668.8
P2362,Aurex Fragrance,Beauty,Fragrance,Urbana,6408.32,9353.74
P2363,Craveon Fragrance Lite,Beauty,Fragrance,Urbana,12317.12,15369.83
P2364,Nimbus Skincare Lite,Beauty,Skincare,Nimbus,9947.8,11818.0
P2365,Lumex Makeup Lite,Beauty,Makeup,Klipso,397.02,543.71
P2366,Nimbus Skincare Plus,Beauty,Skincare,Lumex,3404.48,4022.61
P2367,Forgeon Haircare Pro,Beauty,Haircare,Petal,10960.93,14788.38
P2368,Aurex Makeup Classic,Beauty,Makeup,Craveon,11954.34,16922.3
P2369,Lumex Fragrance Classic,Beauty,Fragrance,Klipso,10960.58,13952.21
P2370,Lumex Fragrance Air,Beauty,Fragrance,Marvo,3985.97,5541.89
P2371,Petal Skincare Lite,Beauty,Skincare,Nordik,3041.23,4489.36
P2372,Klipso Haircare Max,Beauty,Haircare,Marvo,7867.66,9762.16
P2373,Klipso Fragrance Lite,Beauty,Fragrance,Orenda,9396.27,14357.63
P2374,Solace Haircare Classic,Beauty,Haircare,Solace,1277.32,1524.79
P2375,Urbana Makeup Air,Beauty,Makeup,Urbana,12665.4,15120.43
P2376,Solace Haircare Lite,Beauty,Haircare,Nordik,638.66,823.34
P2377,Urbana Makeup,Beauty,Makeup,Vantra,7027.25,9681.99
P2378,Aurex Skincare Air,Beauty,Skincare,Nimbus,7634.14,11567.81
P2379,Zylo Skincare Classic,Beauty,Skincare,Trekko,11541.59,17814.72
P2380,Craveon Skincare Pro,Beauty,Skincare,Orenda,7173.01,8490.92
P2381,Vantra Haircare Classic,Beauty,Haircare,Marvo,14335.18,16509.04
P2382,Nimbus Skincare Lite,Beauty,Skincare,Forgeon,11652.64,13546.34
P2383,Zylo Haircare Air,Beauty,Haircare,Solace,11430.15,17432.99
P2384,Lumex Skincare Pro,Beauty,Skincare,Zylo,5869.44,7315.59
P2385,Vantra Makeup Air,Beauty,Makeup,Bexley,3432.87,4623.0
P2386,Marvo Skincare Classic,Beauty,Skincare,Lumex,2604.76,3696.6
P2387,Marvo Skincare Pro,Beauty,Skincare,Nimbus,5556.87,7108.59
P2388,Trekko Fragrance Air,Beauty,Fragrance,Zylo,6946.22,9495.73
P2389,Urbana Fragrance Plus,Beauty,Fragrance,Nordik,2171.86,3112.5
P2390,Nordik Makeup Pro,Beauty,Makeup,Craveon,13250.06,16710.91
P2391,Marvo Makeup Air,Beauty,Makeup,Vantra,2746.84,3994.46
P2392,Solace Skincare,Beauty,Skincare,Zylo,2793.95,3259.15
P2393,Bexley Haircare,Beauty,Haircare,Petal,9307.69,11596.46
P2394,Aurex Makeup Lite,Beauty,Makeup,Marvo,2618.57,4039.51
P2395,Lumex Makeup Air,Beauty,Makeup,Craveon,4413.38,6670.28
P2396,Nimbus Haircare Classic,Beauty,Haircare,Forgeon,2714.37,4010.73
P2397,Petal Haircare Air,Beauty,Haircare,Trekko,7555.18,8925.98
P2398,Orenda Skincare Max,Beauty,Skincare,Nordik,11017.4,16601.34
P2399,Aurex Haircare Classic,Beauty,Haircare,Nordik,2487.1,3582.01
P2400,Urbana Makeup Pro,Beauty,Makeup,Aurex,6703.54,9730.51
P2401,Lumex Skincare Lite,Beauty,Skincare,Nordik,10723.22,12445.8
P2402,Nordik Skincare Classic,Beauty,Skincare,Nordik,2721.88,3642.99
P2403,Orenda Skincare Classic,Beauty,Skincare,Trekko,14007.23,18024.92
P2404,Bexley Fragrance Pro,Beauty,Fragrance,Zylo,9451.66,10915.09
P2405,Aurex Fragrance,Beauty,Fragrance,Klipso,,14860.19
P2406,Marvo Makeup,Beauty,Makeup,Vantra,,16245.21
P2407,Aurex Skincare Pro,Beauty,Skincare,Urbana,2240.16,2810.59
P2408,Forgeon Fragrance,Beauty,Fragrance,Forgeon,14936.92,18111.22
P2409,Forgeon Haircare Lite,Beauty,Haircare,Vantra,10823.37,15585.98
P2410,Lumex Skincare Plus,Beauty,Skincare,Klipso,10260.76,12733.36
P2411,Klipso Fragrance Pro,Beauty,Fragrance,Aurex,3266.25,4626.76
P2412,Nimbus Makeup,Beauty,Makeup,Aurex,2834.44,4009.67
P2413,Urbana Haircare Plus,Beauty,Haircare,Nordik,7413.3,9671.77
P2414,Petal Makeup Plus,Beauty,Makeup,Solace,4538.47,6939.46
P2415,Petal Skincare,Beauty,Skincare,Orenda,7646.0,10509.43
P2416,Orenda Fragrance Plus,Beauty,Fragrance,Bexley,14241.38,20102.43
P2417,Solace Haircare Lite,Beauty,Haircare,Petal,14369.9,17136.78
P2418,Vantra Skincare Classic,Beauty,Skincare,Nordik,12707.26,16318.23
P2419,Urbana Skincare Plus,Beauty,Skincare,Bexley,12166.79,18155.95
P2420,Urbana Makeup Lite,Beauty,Makeup,Petal,4108.74,5396.96
P2421,Aurex Fragrance Pro,Beauty,Fragrance,Solace,10903.91,12971.53
P2422,Urbana Fragrance Air,Beauty,Fragrance,Lumex,11345.23,13548.35
P2423,Aurex Skincare Air,Beauty,Skincare,Nimbus,13721.11,17295.95
P2424,Klipso Fragrance Lite,Beauty,Fragrance,Nimbus,,10359.09
P2425,Aurex Skincare Max,Beauty,Skincare,Forgeon,4078.92,5349.84
P2426,Lumex Makeup Plus,Beauty,Makeup,Bexley,7331.38,8431.28
P2427,Forgeon Fragrance Lite,Beauty,Fragrance,Trekko,,15376.65
P2428,Solace Skincare Classic,Beauty,Skincare,Forgeon,11616.58,15545.67
P2429,Lumex Skincare Air,Beauty,Skincare,Orenda,7882.01,9720.93
P2430,Urbana Skincare,Beauty,Skincare,Trekko,9130.16,12461.69
P2431,Marvo Haircare Air,Beauty,Haircare,Forgeon,2505.33,3119.76
P2432,Trekko Skincare Plus,Beauty,Skincare,Lumex,1050.21,1235.59
P2433,Bexley Fragrance Max,Beauty,Fragrance,Klipso,255.95,316.91
P2434,Marvo Fragrance Pro,Beauty,Fragrance,Craveon,10210.94,13034.12
P2435,Forgeon Makeup Pro,Beauty,Makeup,Urbana,5173.88,6222.95
P2436,Aurex Haircare Plus,Beauty,Haircare,Marvo,8653.29,11135.55
P2437,Petal Haircare,Beauty,Haircare,Aurex,10160.94,14698.65
P2438,Solace Haircare Max,Beauty,Haircare,Lumex,8791.16,11080.62
P2439,Craveon Skincare Max,Beauty,Skincare,Lumex,7653.69,9573.02
P2440,Klipso Fragrance Air,Beauty,Fragrance,Urbana,13548.55,19734.2
P2441,Vantra Fragrance,Beauty,Fragrance,Solace,7420.44,11399.15
P2442,Petal Skincare Pro,Beauty,Skincare,Trekko,8223.99,10538.34
P2443,Nordik Haircare,Beauty,Haircare,Vantra,1477.24,2020.12
P2444,Trekko Skincare Pro,Beauty,Skincare,Zylo,12913.23,19327.07
P2445,Urbana Haircare Classic,Beauty,Haircare,Nimbus,9088.28,11881.79
P2446,Forgeon Haircare Air,Beauty,Haircare,Trekko,9771.93,14216.75
P2447,Vantra Makeup Lite,Beauty,Makeup,Urbana,6203.79,8316.19
P2448,Urbana Fragrance Pro,Beauty,Fragrance,Trekko,10225.21,15344.57
P2449,Vantra Fragrance Lite,Beauty,Fragrance,Nordik,11875.61,13763.32
P2450,Zylo Skincare Air,Beauty,Skincare,Bexley,1909.37,2847.08
P2451,Orenda Makeup Classic,Beauty,Makeup,Orenda,12515.65,16339.47
P2452,Urbana Fragrance Max,Beauty,Fragrance,Vantra,8784.95,13285.81
P2453,Bexley Haircare,Beauty,Haircare,Lumex,13677.8,20013.86
P2454,Nimbus Skincare Classic,Beauty,Skincare,Orenda,3183.35,4590.75
P2455,Nimbus Makeup Lite,Beauty,Makeup,Bexley,1561.42,2353.96
P2456,Aurex Skincare Pro,Beauty,Skincare,Urbana,2279.77,3225.74
P2457,Solace Fitness Equipment Max,Sports,Fitness Equipment,Trekko,9173.14,13399.75
P2458,Aurex Apparel,Sports,Apparel,Solace,8296.08,9738.16
P2459,Craveon Footwear Max,Sports,Footwear,Marvo,10602.4,13817.7
P2460,Klipso Apparel Plus,Sports,Apparel,Orenda,4838.26,7483.19
P2461,Nordik Outdoor Pro,Sports,Outdoor,Bexley,,12731.43
P2462,Bexley Apparel Max,Sports,Apparel,Marvo,7918.58,11545.2
P2463,Bexley Apparel Air,Sports,Apparel,Aurex,11293.49,15956.1
P2464,Aurex Fitness Equipment Classic,Sports,Fitness Equipment,Lumex,,19963.75
P2465,Marvo Outdoor Plus,Sports,Outdoor,Nimbus,10607.58,15583.71
P2466,Forgeon Footwear Pro,Sports,Footwear,Trekko,5671.72,7559.67
P2467,Nimbus Outdoor Classic,Sports,Outdoor,Marvo,14539.05,16907.7
P2468,Lumex Footwear Plus,Sports,Footwear,Lumex,5062.67,6806.68
P2469,Urbana Outdoor Lite,Sports,Outdoor,Orenda,71.9,108.54
P2470,Solace Footwear Classic,Sports,Footwear,Forgeon,4329.35,5425.03
P2471,Orenda Fitness Equipment Pro,Sports,Fitness Equipment,Vantra,12313.88,15530.18
P2472,Lumex Outdoor Max,Sports,Outdoor,Orenda,,14610.74
P2473,Aurex Outdoor Max,Sports,Outdoor,Trekko,11897.53,17403.47
P2474,Solace Outdoor Air,Sports,Outdoor,Vantra,1375.13,1625.32
P2475,Solace Footwear Plus,Sports,Footwear,Craveon,4636.21,5398.31
P2476,Aurex Apparel Air,Sports,Apparel,Trekko,7531.42,9850.44
P2477,Zylo Footwear Max,Sports,Footwear,Forgeon,8377.54,10635.42
P2478,Forgeon Footwear,Sports,Footwear,Marvo,7312.02,9387.89
P2479,Lumex Fitness Equipment Lite,Sports,Fitness Equipment,Craveon,2968.36,4184.64
P2480,Orenda Fitness Equipment Air,Sports,Fitness Equipment,Craveon,10117.87,14991.57
P2481,Bexley Footwear Pro,Sports,Footwear,Zylo,13127.54,18795.81
P2482,Nordik Fitness Equipment Classic,Sports,Fitness Equipment,Nimbus,10328.1,12111.46
P2483,Urbana Outdoor Max,Sports,Outdoor,Marvo,1691.2,2494.56
P2484,Nordik Outdoor Plus,Sports,Outdoor,Klipso,3532.62,4564.94
P2485,Orenda Footwear Pro,Sports,Footwear,Nimbus,2222.2,2729.0
P2486,Marvo Footwear,Sports,Footwear,Zylo,11642.49,14608.34
P2487,Nimbus Footwear Plus,Sports,Footwear,Trekko,6763.07,8187.84
P2488,Aurex Outdoor Classic,Sports,Outdoor,Klipso,10185.05,14679.79
P2489,Zylo Footwear Pro,Sports,Footwear,Urbana,5457.3,7988.93
P2490,Solace Outdoor Classic,Sports,Outdoor,Klipso,3636.6,5188.56
P2491,Nimbus Footwear Pro,Sports,Footwear,Nimbus,10962.97,16855.16
P2492,Lumex Outdoor Lite,Sports,Outdoor,Nordik,3523.21,4183.76
P2493,Klipso Footwear Air,Sports,Footwear,Aurex,3982.38,4775.45
P2494,Aurex Apparel Lite,Sports,Apparel,Forgeon,2586.93,3320.7
P2495,Aurex Outdoor Lite,Sports,Outdoor,Marvo,6239.16,9430.43
P2496,Bexley Fitness Equipment Pro,Sports,Fitness Equipment,Klipso,2974.46,4576.81
P2497,Nimbus Fitness Equipment,Sports,Fitness Equipment,Nordik,12161.79,18274.17
P2498,Orenda Fitness Equipment Pro,Sports,Fitness Equipment,Aurex,13945.19,20238.61
P2499,Vantra Fitness Equipment,Sports,Fitness Equipment,Craveon,11842.26,15692.5
P2500,Nordik Fitness Equipment Classic,Sports,Fitness Equipment,Trekko,7681.23,11698.47
P2501,Klipso Fitness Equipment Classic,Sports,Fitness Equipment,Forgeon,5704.93,6656.39
P2502,Aurex Footwear Classic,Sports,Footwear,Nimbus,11453.18,15796.95
P2503,Lumex Apparel Plus,Sports,Apparel,Craveon,12232.4,14436.93
P2504,Urbana Footwear Air,Sports,Footwear,Klipso,9337.42,11663.21
P2505,Petal Fitness Equipment,Sports,Fitness Equipment,Aurex,13553.87,16182.83
P2506,Lumex Apparel Pro,Sports,Apparel,Marvo,12653.89,15000.2
P2507,Nordik Apparel,Sports,Apparel,Orenda,425.21,528.97
P2508,Trekko Fitness Equipment Classic,Sports,Fitness Equipment,Petal,,7043.7
P2509,Craveon Outdoor Pro,Sports,Outdoor,Trekko,2019.28,2675.41
P2510,Solace Fitness Equipment Air,Sports,Fitness Equipment,Solace,3103.74,4631.16
P2511,Vantra Footwear Classic,Sports,Footwear,Solace,722.25,933.42
P2512,Solace Apparel Pro,Sports,Apparel,Forgeon,9489.04,14378.13
P2513,Forgeon Fitness Equipment Max,Sports,Fitness Equipment,Marvo,13026.5,19644.96
P2514,Zylo Footwear Max,Sports,Footwear,Solace,989.66,1471.0
P2515,Forgeon Outdoor,Sports,Outdoor,Nimbus,11709.69,17693.02
P2516,Marvo Outdoor Classic,Sports,Outdoor,Zylo,4708.07,7131.34
P2517,Zylo Fitness Equipment Pro,Sports,Fitness Equipment,Zylo,6069.48,8519.36
P2518,Bexley Apparel Pro,Sports,Apparel,Trekko,6391.48,8443.52
P2519,Petal Fitness Equipment Max,Sports,Fitness Equipment,Craveon,8222.22,10626.16
P2520,Nordik Footwear Plus,Sports,Footwear,Bexley,11901.42,16703.11
P2521,Petal Fitness Equipment,Sports,Fitness Equipment,Trekko,10361.85,12873.71
P2522,Marvo Outdoor,Sports,Outdoor,Nordik,14545.15,20567.87
P2523,Craveon Fitness Equipment Max,Sports,Fitness Equipment,Marvo,2998.08,4347.8
P2524,Lumex Footwear Lite,Sports,Footwear,Zylo,2647.03,3111.2
P2525,Zylo Apparel Lite,Sports,Apparel,Marvo,7936.92,10884.77
P2526,Zylo Outdoor Lite,Sports,Outdoor,Trekko,2875.04,3706.94
P2527,Petal Apparel Lite,Sports,Apparel,Lumex,14189.25,17935.23
P2528,Orenda Apparel Max,Sports,Apparel,Aurex,2375.74,3675.33
P2529,Solace Apparel Air,Sports,Apparel,Lumex,4569.47,6498.25
P2530,Vantra Fitness Equipment Pro,Sports,Fitness Equipment,Vantra,3511.82,4811.36
P2531,Lumex Outdoor Max,Sports,Outdoor,Vantra,5824.92,8939.11
P2532,Marvo Footwear Max,Sports,Footwear,Forgeon,6520.45,9022.15
P2533,Bexley Outdoor Max,Sports,Outdoor,Lumex,14174.26,21909.06
P2534,Bexley Apparel Air,Sports,Apparel,Urbana,1569.79,0.0
P2535,Solace Apparel Pro,Sports,Apparel,Nordik,5762.64,7998.15
P2536,Petal Outdoor Lite,Sports,Outdoor,Trekko,5656.97,7413.16
P2537,Orenda Footwear Air,Sports,Footwear,Petal,2424.92,3344.22
P2538,Bexley Footwear Pro,Sports,Footwear,Vantra,8223.4,10079.77
P2539,Zylo Footwear Classic,Sports,Footwear,Nimbus,8148.87,12543.07
P2540,Zylo Outdoor Max,Sports,Outdoor,Vantra,10730.41,14404.43
P2541,Nimbus Fitness Equipment,Sports,Fitness Equipment,Solace,13745.46,18970.46
P2542,Trekko Apparel Max,Sports,Apparel,Forgeon,,2832.43
P2543,Klipso Outdoor Max,Sports,Outdoor,Lumex,2755.55,4014.84
P2544,Klipso Footwear Lite,Sports,Footwear,Nordik,14509.25,18779.72
P2545,Bexley Fitness Equipment Plus,Sports,Fitness Equipment,Solace,6552.02,8639.48
P2546,Nordik Outdoor,Sports,Outdoor,Lumex,4315.23,6333.34
P2547,Bexley Apparel Lite,Sports,Apparel,Forgeon,9285.04,10915.68
P2548,Trekko Fitness Equipment Pro,Sports,Fitness Equipment,Vantra,12590.15,15420.86
P2549,Forgeon Outdoor Pro,Sports,Outdoor,Vantra,14688.31,19104.57
P2550,Zylo Fitness Equipment,Sports,Fitness Equipment,Forgeon,9265.92,10944.25
P2551,Nordik Outdoor Plus,Sports,Outdoor,Lumex,5202.72,7652.9
P2552,Nordik Fitness Equipment Pro,Sports,Fitness Equipment,Zylo,,10861.48
P2553,Aurex Apparel Lite,Sports,Apparel,Petal,8648.32,13157.8
P2554,Trekko Fitness Equipment Air,Sports,Fitness Equipment,Orenda,14740.02,19627.19
P2555,Petal Footwear Max,Sports,Footwear,Solace,8499.09,12612.38
P2556,Petal Apparel Pro,Sports,Apparel,Urbana,3361.92,5024.9
P2557,Vantra Outdoor Pro,Sports,Outdoor,Craveon,8899.21,12816.64
P2558,Solace Fitness Equipment Air,Sports,Fitness Equipment,Marvo,1243.82,1811.59
P2559,Zylo Fitness Equipment Air,Sports,Fitness Equipment,Zylo,4696.26,6913.33
P2560,Marvo Apparel,Sports,Apparel,Klipso,7661.83,9652.72
P2561,Nordik Footwear,Sports,Footwear,Trekko,14293.76,20812.07
P2562,Solace Fitness Equipment,Sports,Fitness Equipment,Lumex,14786.01,19159.53
P2563,Lumex Apparel Classic,Sports,Apparel,Solace,9755.83,13605.83
P2564,Forgeon Apparel Classic,Sports,Apparel,Zylo,10328.97,12036.62
P2565,Orenda Outdoor Classic,Sports,Outdoor,Craveon,4411.2,6677.39
P2566,Orenda Footwear Lite,Sports,Footwear,Zylo,6386.11,9797.94
P2567,Zylo Apparel Classic,Sports,Apparel,Orenda,3241.87,5021.56
P2568,Lumex Fitness Equipment Max,Sports,Fitness Equipment,Klipso,10478.83,15304.93
P2569,Zylo Outdoor Lite,Sports,Outdoor,Aurex,5983.07,9051.21
P2570,Petal Apparel,Sports,Apparel,Vantra,8204.67,11670.12
P2571,Vantra Academic Pro,Books,Academic,Forgeon,1467.38,2058.25
P2572,Nordik Non-Fiction Lite,Books,Non-Fiction,Lumex,13192.23,16111.85
P2573,Trekko Fiction Lite,Books,Fiction,Zylo,11079.0,12853.42
P2574,Forgeon Fiction Max,Books,Fiction,Lumex,13896.74,21444.99
P2575,Zylo Fiction Classic,Books,Fiction,Petal,5344.99,6375.66
P2576,Solace Fiction Lite,Books,Fiction,Aurex,9895.72,11498.17
P2577,Orenda Non-Fiction Air,Books,Non-Fiction,Vantra,7263.17,9142.24
P2578,Vantra Academic Classic,Books,Academic,Petal,7126.42,8247.48
P2579,Craveon Academic Lite,Books,Academic,Craveon,821.6,950.09
P2580,Marvo Fiction Air,Books,Fiction,Nordik,9306.02,12786.82
P2581,Trekko Fiction Classic,Books,Fiction,Vantra,3535.71,4980.6
P2582,Orenda Fiction Air,Books,Fiction,Orenda,13268.9,16731.14
P2583,Petal Fiction Lite,Books,Fiction,Orenda,12488.31,17671.0
P2584,Marvo Non-Fiction Classic,Books,Non-Fiction,Petal,555.62,722.34
P2585,Aurex Fiction Classic,Books,Fiction,Aurex,7640.97,11023.47
P2586,Craveon Academic,Books,Academic,Lumex,4342.6,6701.03
P2587,Orenda Non-Fiction Lite,Books,Non-Fiction,Solace,10283.87,13360.04
P2588,Lumex Non-Fiction Air,Books,Non-Fiction,Orenda,1500.52,1834.46
P2589,Trekko Academic Classic,Books,Academic,Bexley,7339.74,9893.08
P2590,Petal Fiction Max,Books,Fiction,Orenda,11527.4,16604.88
P2591,Trekko Non-Fiction,Books,Non-Fiction,Zylo,3059.03,4245.88
P2592,Vantra Academic Pro,Books,Academic,Trekko,358.3,469.16
P2593,Klipso Non-Fiction Classic,Books,Non-Fiction,Solace,11473.37,15027.86
P2594,Nimbus Fiction Classic,Books,Fiction,Trekko,12542.16,19320.72
P2595,Vantra Fiction Plus,Books,Fiction,Marvo,9127.83,11026.43
P2596,Aurex Fiction Pro,Books,Fiction,Trekko,5726.17,6606.82
P2597,Klipso Non-Fiction Air,Books,Non-Fiction,Aurex,9060.75,13397.47
P2598,Bexley Academic Max,Books,Academic,Marvo,9467.6,13864.68
P2599,Marvo Academic,Books,Academic,Trekko,12008.56,17897.62
P2600,Nimbus Academic Max,Books,Academic,Trekko,4036.62,6048.9
P2601,Zylo Fiction Classic,Books,Fiction,Zylo,9828.71,12442.07
P2602,Nimbus Academic Pro,Books,Academic,Trekko,,22660.47
P2603,Nordik Academic Classic,Books,Academic,Craveon,8637.89,12846.99
P2604,Solace Non-Fiction Classic,Books,Non-Fiction,Klipso,3959.34,5212.13
P2605,Zylo Non-Fiction Max,Books,Non-Fiction,Craveon,2800.38,3803.03
P2606,Aurex Academic Classic,Books,Academic,Marvo,7465.22,9220.48
P2607,Lumex Non-Fiction Classic,Books,Non-Fiction,Zylo,10108.39,12100.92
P2608,Zylo Fiction Classic,Books,Fiction,Vantra,972.29,1267.83
P2609,Bexley Academic Pro,Books,Academic,Zylo,6176.88,7893.41
P2610,Orenda Academic Air,Books,Academic,Urbana,3906.3,5021.59
P2611,Nimbus Academic Max,Books,Academic,Petal,2492.46,3268.56
P2612,Lumex Academic Air,Books,Academic,Forgeon,13573.82,16828.43
P2613,Craveon Academic Pro,Books,Academic,Trekko,10282.54,12408.08
P2614,Craveon Fiction,Books,Fiction,Craveon,5340.9,6828.18
P2615,Nimbus Academic Plus,Books,Academic,Bexley,14058.59,18574.11
P2616,Petal Academic Air,Books,Academic,Forgeon,10372.47,14427.95
P2617,Vantra Fiction Max,Books,Fiction,Forgeon,2158.4,3293.32
P2618,Urbana Academic Max,Books,Academic,Bexley,5220.75,6097.33
P2619,Urbana Fiction Air,Books,Fiction,Lumex,4541.63,5832.6
P2620,Petal Fiction Air,Books,Fiction,Nordik,1436.54,2008.27
P2621,Zylo Non-Fiction Lite,Books,Non-Fiction,Petal,5234.12,7336.42
P2622,Solace Academic Max,Books,Academic,Forgeon,150.77,232.61
P2623,Urbana Academic,Books,Academic,Forgeon,2599.22,3674.6
P2624,Nordik Non-Fiction Classic,Books,Non-Fiction,Marvo,10750.98,13101.61
P2625,Lumex Academic Plus,Books,Academic,Orenda,1720.1,2083.09
P2626,Urbana Non-Fiction Air,Books,Non-Fiction,Marvo,3739.93,4552.59
P2627,Zylo Non-Fiction Air,Books,Non-Fiction,Trekko,,13349.83
P2628,Lumex Fiction Lite,Books,Fiction,Nimbus,8089.98,9456.66
P2629,Solace Academic Plus,Books,Academic,Solace,12925.67,15746.42
P2630,Craveon Academic,Books,Academic,Marvo,5434.28,6405.72
P2631,Nordik Academic Max,Books,Academic,Urbana,2095.06,2967.27
P2632,Trekko Academic Classic,Books,Academic,Nimbus,10404.18,14782.12
P2633,Nordik Non-Fiction Air,Books,Non-Fiction,Solace,8304.44,12714.17
P2634,Zylo Academic Max,Books,Academic,Nordik,7632.3,10149.16
P2635,Nimbus Academic Air,Books,Academic,Orenda,3750.81,4461.74
P2636,Zylo Non-Fiction Pro,Books,Non-Fiction,Craveon,8244.92,10520.16
P2637,Bexley Fiction Plus,Books,Fiction,Orenda,7884.18,9716.84
P2638,Nordik Academic Classic,Books,Academic,Klipso,12580.68,19498.53
P2639,Bexley Academic Classic,Books,Academic,Forgeon,4869.93,7241.25
P2640,Marvo Non-Fiction Lite,Books,Non-Fiction,Marvo,13101.14,20286.19
P2641,Craveon Non-Fiction Pro,Books,Non-Fiction,Petal,5173.67,7514.32
P2642,Bexley Non-Fiction Pro,Books,Non-Fiction,Marvo,3470.69,4858.68
P2643,Klipso Fiction,Books,Fiction,Urbana,10587.4,15314.13
P2644,Aurex Academic Max,Books,Academic,Craveon,3147.22,4687.75
P2645,Forgeon Non-Fiction Lite,Books,Non-Fiction,Marvo,6343.53,7844.08
P2646,Petal Academic Max,Books,Academic,Vantra,8160.84,12203.25
P2647,Lumex Non-Fiction Pro,Books,Non-Fiction,Forgeon,14507.96,21026.14
P2648,Bexley Fiction Plus,Books,Fiction,Aurex,134.06,161.39
P2649,Marvo Fiction Lite,Books,Fiction,Marvo,1190.3,1417.03
P2650,Solace Academic Max,Books,Academic,Trekko,5776.37,7424.93
P2651,Orenda Academic,Books,Academic,Nimbus,1749.59,2629.45
P2652,Marvo Fiction Max,Books,Fiction,Craveon,9250.64,13585.35
P2653,Marvo Non-Fiction Lite,Books,Non-Fiction,Aurex,5604.66,7365.05
P2654,Forgeon Non-Fiction Plus,Books,Non-Fiction,Aurex,4798.44,6359.71
P2655,Orenda Fiction Air,Books,Fiction,Klipso,,12360.69
P2656,Bexley Fiction Lite,Books,Fiction,Solace,12576.86,18991.76
P2657,Forgeon Fiction Lite,Books,Fiction,Nordik,7071.77,8810.71
P2658,Orenda Non-Fiction Classic,Books,Non-Fiction,Solace,14180.63,20477.05
P2659,Aurex Non-Fiction Lite,Books,Non-Fiction,Vantra,,13931.21
P2660,Bexley Non-Fiction Classic,Books,Non-Fiction,Aurex,1185.93,1395.9
P2661,Craveon Non-Fiction Air,Books,Non-Fiction,Solace,2339.15,2827.99
P2662,Nimbus Non-Fiction Air,Books,Non-Fiction,Orenda,6339.02,7688.99
P2663,Klipso Academic Pro,Books,Academic,Zylo,12825.16,17714.61
P2664,Forgeon Academic Lite,Books,Academic,Bexley,5555.52,6543.56
P2665,Bexley Academic Plus,Books,Academic,Aurex,8885.87,10632.95
P2666,Nimbus Fiction Max,Books,Fiction,Aurex,11161.14,0.0
P2667,Orenda Academic Pro,Books,Academic,Solace,8182.45,9899.46
P2668,Aurex Academic Pro,Books,Academic,Trekko,11813.6,15040.26
P2669,Bexley Non-Fiction Lite,Books,Non-Fiction,Aurex,3378.66,4521.4
P2670,Marvo Fiction,Books,Fiction,Forgeon,13843.56,17566.78
P2671,Urbana Non-Fiction,Books,Non-Fiction,Craveon,13588.4,15918.29
P2672,Craveon Non-Fiction Plus,Books,Non-Fiction,Petal,1298.68,1856.36
P2673,Vantra Academic Air,Books,Academic,Klipso,2899.36,3701.46
P2674,Craveon Fiction Pro,Books,Fiction,Solace,2088.78,2679.69
P2675,Marvo Academic Classic,Books,Academic,Aurex,4242.88,6128.99
P2676,Marvo Fiction Air,Books,Fiction,Forgeon,10545.25,16155.02
P2677,Solace Academic Classic,Books,Academic,Craveon,10880.1,15535.99
P2678,Orenda Fiction Air,Books,Fiction,Zylo,10428.35,15675.76
P2679,Trekko Academic,Books,Academic,Zylo,4478.74,5688.16
P2680,Orenda Fiction,Books,Fiction,Vantra,11131.15,13819.12
P2681,Nordik Fiction Lite,Books,Fiction,Bexley,13684.7,18664.74
P2682,Nordik Fiction Classic,Books,Fiction,Forgeon,4536.87,6625.83
P2683,Solace Fiction,Books,Fiction,Zylo,4719.19,7245.43
P2684,Urbana Fiction Lite,Books,Fiction,Solace,14745.69,20890.49
P2685,Urbana Beverages,Grocery,Beverages,Orenda,1748.83,2195.28
P2686,Nordik Staples Lite,Grocery,Staples,Vantra,7755.48,11560.16
P2687,Marvo Beverages Pro,Grocery,Beverages,Aurex,2814.05,3353.68
P2688,Nimbus Snacks Classic,Grocery,Snacks,Bexley,1163.44,1573.89
P2689,Aurex Staples,Grocery,Staples,Nimbus,,15492.67
P2690,Petal Snacks Max,Grocery,Snacks,Urbana,3224.21,4601.92
P2691,Craveon Snacks Pro,Grocery,Snacks,Aurex,,18259.78
P2692,Vantra Beverages,Grocery,Beverages,Nimbus,11786.77,14166.75
P2693,Craveon Staples Plus,Grocery,Staples,Urbana,5988.7,9245.94
P2694,Trekko Staples Pro,Grocery,Staples,Solace,14833.87,20633.48
P2695,Marvo Staples Lite,Grocery,Staples,Trekko,10653.54,0.0
P2696,Vantra Snacks Plus,Grocery,Snacks,Lumex,6776.42,8163.87
P2697,Bexley Snacks Classic,Grocery,Snacks,Orenda,10050.79,15418.32
P2698,Zylo Beverages,Grocery,Beverages,Orenda,10473.23,15409.56
P2699,Klipso Snacks Classic,Grocery,Snacks,Bexley,6370.09,7571.4
P2700,Vantra Snacks,Grocery,Snacks,Klipso,2574.79,3973.06
P2701,Vantra Staples Plus,Grocery,Staples,Zylo,7423.11,8572.27
P2702,Urbana Staples Plus,Grocery,Staples,Bexley,14332.74,19336.47
P2703,Petal Snacks Pro,Grocery,Snacks,Marvo,12552.21,17188.79
P2704,Urbana Staples Plus,Grocery,Staples,Urbana,1570.45,2192.71
P2705,Trekko Beverages,Grocery,Beverages,Aurex,14961.13,17413.19
P2706,Nordik Staples Classic,Grocery,Staples,Aurex,,15720.15
P2707,Marvo Snacks Lite,Grocery,Snacks,Nimbus,5938.3,7714.35
P2708,Urbana Staples Plus,Grocery,Staples,Aurex,13487.02,18231.68
P2709,Trekko Staples Air,Grocery,Staples,Lumex,6735.26,9949.39
P2710,Nimbus Staples Max,Grocery,Staples,Vantra,781.16,925.35
P2711,Aurex Snacks Pro,Grocery,Snacks,Vantra,374.25,533.38
P2712,Petal Snacks Max,Grocery,Snacks,Bexley,7907.96,11865.17
P2713,Solace Beverages,Grocery,Beverages,Trekko,7503.07,9294.26
P2714,Petal Staples Pro,Grocery,Staples,Solace,12086.95,15322.98
P2715,Nimbus Beverages Air,Grocery,Beverages,Nordik,14038.56,17550.58
P2716,Marvo Staples Lite,Grocery,Staples,Forgeon,2557.42,3445.69
P2717,Urbana Snacks Plus,Grocery,Snacks,Zylo,805.2,937.71
P2718,Lumex Beverages Pro,Grocery,Beverages,Trekko,7465.42,9227.58
P2719,Marvo Beverages Pro,Grocery,Beverages,Solace,,240.77
P2720,Solace Beverages Pro,Grocery,Beverages,Zylo,7186.64,9398.08
P2721,Petal Staples Pro,Grocery,Staples,Craveon,2075.27,2867.75
P2722,Bexley Snacks Plus,Grocery,Snacks,Petal,10669.48,15152.96
P2723,Craveon Beverages,Grocery,Beverages,Forgeon,5936.74,7154.0
P2724,Vantra Staples Air,Grocery,Staples,Petal,7517.33,11322.4
P2725,Marvo Staples Pro,Grocery,Staples,Urbana,7057.41,8668.42
P2726,Orenda Staples Lite,Grocery,Staples,Urbana,1441.15,2201.46
P2727,Zylo Snacks Air,Grocery,Snacks,Vantra,11157.99,14228.52
P2728,Nordik Beverages Pro,Grocery,Beverages,Petal,4465.52,6734.39
P2729,Craveon Snacks Pro,Grocery,Snacks,Nordik,2704.65,3689.18
P2730,Orenda Beverages Air,Grocery,Beverages,Zylo,10716.89,14023.65
P2731,Lumex Staples,Grocery,Staples,Craveon,646.54,802.42
P2732,Zylo Snacks Air,Grocery,Snacks,Klipso,13532.03,18393.38
P2733,Bexley Staples Max,Grocery,Staples,Lumex,12240.85,16797.8
P2734,Trekko Snacks Pro,Grocery,Snacks,Vantra,14156.85,21428.57
P2735,Trekko Beverages Plus,Grocery,Beverages,Zylo,7269.18,9284.99
P2736,Lumex Beverages Lite,Grocery,Beverages,Marvo,9044.95,12843.42
P2737,Zylo Beverages Max,Grocery,Beverages,Urbana,7500.41,11092.46
P2738,Orenda Beverages,Grocery,Beverages,Lumex,2790.76,3582.68
P2739,Lumex Staples Pro,Grocery,Staples,Nordik,10311.33,12875.48
P2740,Klipso Beverages Lite,Grocery,Beverages,Nimbus,6625.68,10173.69
P2741,Zylo Snacks Max,Grocery,Snacks,Solace,9406.85,14388.93
P2742,Nordik Staples Air,Grocery,Staples,Klipso,10850.5,15623.27
P2743,Nordik Snacks Classic,Grocery,Snacks,Aurex,8898.26,10739.16
P2744,Aurex Snacks Plus,Grocery,Snacks,Orenda,7819.73,9783.0
P2745,Trekko Snacks Classic,Grocery,Snacks,Marvo,14980.15,18826.82
P2746,Aurex Beverages Air,Grocery,Beverages,Aurex,3498.75,4896.69
P2747,Solace Snacks Max,Grocery,Snacks,Aurex,7688.68,8907.65
P2748,Craveon Snacks Max,Grocery,Snacks,Zylo,1986.52,2928.96
P2749,Lumex Snacks Pro,Grocery,Snacks,Aurex,7281.19,8798.63
P2750,Klipso Beverages Max,Grocery,Beverages,Aurex,7005.38,8765.55
P2751,Forgeon Snacks Max,Grocery,Snacks,Zylo,3392.69,5201.3
P2752,Solace Staples Pro,Grocery,Staples,Solace,5462.27,6383.06
P2753,Trekko Beverages Plus,Grocery,Beverages,Zylo,14556.38,21367.83
P2754,Marvo Beverages,Grocery,Beverages,Nimbus,3853.48,5061.76
P2755,Klipso Beverages Plus,Grocery,Beverages,Aurex,12941.23,16732.56
P2756,Zylo Staples Air,Grocery,Staples,Aurex,8532.69,11638.1
P2757,Aurex Beverages Air,Grocery,Beverages,Petal,6049.35,8504.18
P2758,Marvo Snacks,Grocery,Snacks,Nimbus,7125.7,8255.07
P2759,Trekko Snacks Max,Grocery,Snacks,Vantra,12225.03,14612.12
P2760,Aurex Staples,Grocery,Staples,Solace,6988.14,9657.33
P2761,Forgeon Snacks Lite,Grocery,Snacks,Craveon,10597.32,13928.25
P2762,Marvo Staples Lite,Grocery,Staples,Zylo,11046.45,13283.8
P2763,Vantra Beverages,Grocery,Beverages,Zylo,9819.01,14537.39
P2764,Zylo Staples Pro,Grocery,Staples,Nimbus,13347.19,18443.5
P2765,Nordik Staples,Grocery,Staples,Lumex,4727.78,5745.87
P2766,Lumex Snacks Classic,Grocery,Snacks,Marvo,5216.1,7125.14
P2767,Aurex Staples Pro,Grocery,Staples,Trekko,2985.14,4570.27
P2768,Klipso Staples,Grocery,Staples,Solace,13462.17,15658.97
P2769,Petal Snacks Max,Grocery,Snacks,Orenda,8451.33,12387.31
P2770,Zylo Staples,Grocery,Staples,Klipso,3718.61,5055.67
P2771,Vantra Beverages Plus,Grocery,Beverages,Orenda,6119.58,7518.63
P2772,Urbana Beverages Pro,Grocery,Beverages,Trekko,9240.32,14299.18
P2773,Craveon Beverages Plus,Grocery,Beverages,Urbana,5511.04,7555.37
P2774,Aurex Beverages Plus,Grocery,Beverages,Zylo,4951.43,7431.0
P2775,Forgeon Snacks Lite,Grocery,Snacks,Nordik,12975.81,15850.07
P2776,Nimbus Snacks,Grocery,Snacks,Marvo,13504.24,16348.28
P2777,Urbana Beverages Pro,Grocery,Beverages,Forgeon,1476.83,2084.06
P2778,Orenda Staples Pro,Grocery,Staples,Forgeon,5819.27,7927.57
P2779,Craveon Staples Classic,Grocery,Staples,Nordik,9805.93,11484.07
P2780,Craveon Beverages Air,Grocery,Beverages,Lumex,4429.65,5910.76
P2781,Klipso Staples Max,Grocery,Staples,Nordik,4035.48,4719.85
P2782,Solace Beverages Lite,Grocery,Beverages,Orenda,1345.81,1979.28
P2783,Orenda Beverages Classic,Grocery,Beverages,Marvo,13675.23,16559.24
P2784,Solace Beverages Max,Grocery,Beverages,Solace,3776.47,5328.22
P2785,Solace Beverages,Grocery,Beverages,Marvo,14316.36,18179.43
P2786,Aurex Snacks Max,Grocery,Snacks,Bexley,,17358.78
P2787,Urbana Beverages Air,Grocery,Beverages,Lumex,14350.55,17285.29
P2788,Lumex Staples Lite,Grocery,Staples,Aurex,14606.4,19373.8
P2789,Lumex Beverages Lite,Grocery,Beverages,Aurex,14296.43,19063.95
P2790,Vantra Snacks Lite,Grocery,Snacks,Craveon,7974.73,11738.08
P2791,Petal Beverages,Grocery,Beverages,Petal,10853.3,15171.19
P2792,Vantra Beverages Max,Grocery,Beverages,Bexley,6283.85,9218.25
P2793,Nimbus Beverages,Grocery,Beverages,Trekko,14226.01,16415.74
P2794,Lumex Snacks Plus,Grocery,Snacks,Petal,8838.28,13225.53
P2795,Vantra Beverages Lite,Grocery,Beverages,Marvo,9814.03,14429.88
P2796,Petal Snacks Max,Grocery,Snacks,Vantra,13431.16,19480.29
P2797,Nordik Beverages Pro,Grocery,Beverages,Vantra,10769.41,16540.72
P2798,Forgeon Snacks Air,Grocery,Snacks,Orenda,12962.09,19134.0
