customer_id,days_since_last_purchase,purchase_frequency,total_spend,avg_order_value,number_of_sessions,cart_abandonment,returns,discount_usage,churned,churn_probability,risk_segment
C111360,119,13,368644.1975,28357.24596153846,18.0,6.0,8.0,0.46153846153846156,1,0.612387839284956,High Risk
C110674,205,4,207347.38,51836.845,7.0,3.0,2.0,0.5,1,0.6992014277707806,High Risk
C102034,269,4,198569.276,49642.319,8.0,3.0,2.0,0.5,1,0.6751530434661278,High Risk
C114933,195,4,197827.1205,49456.780125000005,5.0,1.0,1.0,0.25,1,0.6543501274237751,High Risk
C111904,398,4,193718.3605,48429.590125,3.0,1.0,1.0,0.5,1,0.6574251935064135,High Risk
C100628,98,4,183501.568,45875.392,12.0,4.0,1.0,0.75,1,0.6876151138616186,High Risk
C106972,131,4,182418.9555,45604.738875,11.0,4.0,0.0,0.75,1,0.6295378504926501,High Risk
C100549,105,4,180320.6115,45080.152875,12.0,4.0,1.0,0.5,1,0.6691295613166263,High Risk
C110847,74,3,161071.289,53690.42966666666,12.0,1.0,2.0,0.3333333333333333,0,0.6672008753079336,High Risk
C104143,214,3,160721.7,53573.9,8.0,4.0,1.0,0.0,1,0.6991318331659176,High Risk
C109436,186,3,156120.976,52040.32533333334,11.0,4.0,0.0,0.6666666666666666,1,0.6217374318565128,High Risk
C112886,570,2,154917.062,77458.53099999999,12.0,3.0,0.0,0.5,1,0.6979314717239856,High Risk
C101762,282,3,145495.70299999998,48498.56766666666,8.0,4.0,0.0,0.3333333333333333,1,0.6044944592052558,High Risk
C101758,336,2,144192.72,72096.36,10.0,5.0,0.0,0.0,1,0.6395175308070049,High Risk
C110630,123,2,128124.1375,64062.06874999999,9.0,3.0,0.0,0.5,1,0.6739950963564624,High Risk
C105900,47,2,126518.7115,63259.35575,6.0,4.0,2.0,0.5,0,0.6849415770985785,High Risk
C113297,32,2,125610.00650000002,62805.00325000001,11.0,4.0,1.0,0.5,0,0.6464304039019759,High Risk
C106119,137,2,124067.80000000002,62033.90000000001,11.0,6.0,0.0,0.5,1,0.6423630747812895,High Risk
C104050,208,2,120835.76999999999,60417.884999999995,9.0,3.0,1.0,0.0,1,0.6805068180312461,High Risk
C103233,319,2,120318.59,60159.295,14.0,3.0,0.0,0.0,1,0.672537531080115,High Risk
C111159,193,2,119805.425,59902.712499999994,8.0,3.0,1.0,0.5,1,0.690847361622722,High Risk
C103789,303,2,117190.014,58595.007,7.0,2.0,0.0,0.5,1,0.6719349542244809,High Risk
C104600,543,3,116566.09199999999,38855.363999999994,8.0,7.0,2.0,0.3333333333333333,1,0.6751168036469285,High Risk
C103709,102,2,116084.317,58042.1585,9.0,1.0,0.0,0.5,1,0.673687949887863,High Risk
C113310,299,1,110273.36,110273.36,5.0,0.0,0.0,0.0,1,0.7080979728308253,High Risk
C113535,199,2,109797.388,54898.694,11.0,2.0,2.0,0.5,1,0.7363762460760707,High Risk
C105940,169,2,108283.1485,54141.574250000005,9.0,3.0,0.0,0.5,1,0.6847042884548563,High Risk
C102199,127,2,107390.23400000001,53695.117,11.0,1.0,1.0,0.5,1,0.6781910897292737,High Risk
C112676,422,2,106653.2,53326.6,12.0,5.0,0.0,0.0,1,0.6500014568231702,High Risk
C102089,311,2,106052.29999999999,53026.149999999994,8.0,0.0,2.0,0.0,1,0.7091017248250384,High Risk
C112802,99,2,105605.4455,52802.72275,5.0,4.0,0.0,0.5,1,0.6664005914852502,High Risk
C105860,88,2,105211.967,52605.9835,12.0,3.0,0.0,0.5,0,0.6115148999946561,High Risk
C111155,385,2,104549.698,52274.849,7.0,3.0,0.0,1.0,1,0.6035352547996778,High Risk
C103084,899,2,103673.094,51836.547,8.0,1.0,0.0,0.5,1,0.6724403166534373,High Risk
C106941,368,2,103597.22,51798.61,6.0,1.0,2.0,0.0,1,0.7264842183895144,High Risk
C110884,259,2,103100.794,51550.397,9.0,2.0,0.0,0.5,1,0.6767304377029375,High Risk
C100310,487,1,102832.07999999999,102832.07999999999,8.0,3.0,1.0,0.0,1,0.7026055042087294,High Risk
C105280,529,2,102040.38,51020.19,10.0,2.0,1.0,0.0,1,0.6532985208717207,High Risk
C108574,374,2,101747.4,50873.7,8.0,3.0,0.0,0.0,1,0.6697810156082667,High Risk
C111108,25,2,101266.64,50633.32000000001,9.0,4.0,0.0,0.5,0,0.6827576040389668,High Risk
C107991,310,2,100049.1545,50024.57725,13.0,4.0,0.0,0.5,1,0.642012647457205,High Risk
C106944,454,2,100001.45,50000.725,8.0,5.0,0.0,0.0,1,0.663088792041651,High Risk
C110959,169,1,98627.97600000001,98627.97600000001,11.0,6.0,1.0,1.0,1,0.7170492114301678,High Risk
C107846,700,1,97610.5,97610.5,6.0,3.0,0.0,0.0,1,0.7435255529878847,High Risk
C106363,173,2,97035.32999999999,48517.665,5.0,2.0,0.0,0.0,1,0.6444368563368544,High Risk
C113467,104,2,96236.55,48118.275,4.0,1.0,0.0,0.0,1,0.6482943366659673,High Risk
C100997,133,2,96216.5665,48108.28324999999,11.0,3.0,1.0,0.5,1,0.6512703078882089,High Risk
C111048,137,2,94960.66900000001,47480.334500000004,7.0,1.0,2.0,1.0,1,0.6647054250159897,High Risk
C109631,148,2,94693.0895,47346.54475,13.0,4.0,1.0,0.5,1,0.6277638093967378,High Risk
C105981,105,2,94681.63,47340.815,7.0,3.0,0.0,0.5,1,0.668695669459582,High Risk
C114899,619,2,93003.401,46501.7005,7.0,2.0,1.0,0.5,1,0.640378651046278,High Risk
C100952,440,2,92939.75,46469.875,6.0,2.0,0.0,0.5,1,0.6476953948438614,High Risk
C109237,112,2,92735.591,46367.7955,8.0,2.0,0.0,0.5,1,0.6512061298652343,High Risk
C109416,107,2,92712.982,46356.491,3.0,2.0,0.0,0.5,1,0.6227785491257596,High Risk
C111378,375,1,92499.18000000001,92499.18000000001,5.0,2.0,1.0,0.0,1,0.7502666104116045,High Risk
C102048,26,1,92460.5,92460.5,7.0,2.0,1.0,0.0,0,0.7374269538099228,High Risk
C107358,250,2,91550.742,45775.371,10.0,2.0,0.0,0.5,1,0.6508383854932889,High Risk
C103422,-1,2,91357.78,45678.89,7.0,1.0,1.0,0.0,0,0.6135333588080303,High Risk
C108540,302,2,91247.7505,45623.87525,7.0,1.0,0.0,1.0,1,0.6063479854154289,High Risk
C109784,92,2,90206.94,45103.47,5.0,2.0,0.0,0.0,1,0.6447228444770573,High Risk
C104995,819,1,90155.7,90155.7,7.0,2.0,0.0,0.0,1,0.7776673147245571,High Risk
C111225,646,1,89550.48000000001,89550.48000000001,4.0,1.0,0.0,0.0,1,0.8084880348047535,High Risk
C101463,125,2,89217.706,44608.853,6.0,3.0,0.0,0.5,1,0.6118312195766421,High Risk
C106890,379,2,88453.45,44226.725,5.0,4.0,1.0,0.0,1,0.6283772204584193,High Risk
C107855,695,1,87558.3,87558.3,11.0,2.0,0.0,0.0,1,0.7477646649373145,High Risk
C102804,61,1,87018.77,87018.77,8.0,4.0,1.0,0.0,0,0.6426173764512028,High Risk
C110315,263,2,86244.538,43122.269,9.0,5.0,0.0,0.5,1,0.6187852592079964,High Risk
C100716,142,1,85091.86,85091.86,9.0,4.0,1.0,0.0,1,0.7161666568065604,High Risk
C103928,226,1,84030.29299999999,84030.29299999999,13.0,9.0,1.0,1.0,1,0.7797167003986312,High Risk
C105628,190,2,83980.282,41990.141,9.0,3.0,0.0,0.5,1,0.6037931047958973,High Risk
C106706,114,3,83585.12599999999,27861.708666666662,24.0,9.0,0.0,0.6666666666666666,1,0.6156926311989284,High Risk
C107604,131,2,83509.854,41754.927,8.0,3.0,1.0,0.5,1,0.6051302022434916,High Risk
C112283,254,2,83395.466,41697.733,11.0,3.0,1.0,0.5,1,0.600356732055353,High Risk
C105388,178,2,82747.384,41373.692,7.0,3.0,0.0,0.5,1,0.6045685299445992,High Risk
C104078,673,2,82351.75,41175.875,7.0,5.0,0.0,0.0,1,0.6200487779869462,High Risk
C113386,73,1,80924.57999999999,80924.57999999999,12.0,2.0,0.0,0.0,0,0.7322798203061666,High Risk
C102619,285,1,80282.4,80282.4,9.0,1.0,1.0,0.0,1,0.7602731861077472,High Risk
C105250,171,1,80147.12049999999,80147.12049999999,7.0,2.0,0.0,1.0,1,0.6914775045784141,High Risk
C108929,174,1,79898.75,79898.75,3.0,1.0,0.0,0.0,1,0.79016794130176,High Risk
C106599,49,1,79763.67,79763.67,11.0,2.0,1.0,0.0,0,0.7687818013882122,High Risk
C113345,465,2,78963.48,39481.74,9.0,5.0,0.0,0.0,1,0.6237244310411809,High Risk
C103991,328,1,78891.85,78891.85,8.0,1.0,0.0,0.0,1,0.7780247880922846,High Risk
C111195,116,2,78824.746,39412.373,14.0,5.0,2.0,0.5,1,0.6610064396262828,High Risk
C103402,344,2,78112.008,39056.004,7.0,4.0,2.0,1.0,1,0.671988769912334,High Risk
C108223,145,2,78076.463,39038.2315,2.0,0.0,1.0,1.0,1,0.6103498882895642,High Risk
C108445,523,1,77845.42000000001,77845.42000000001,7.0,1.0,0.0,0.0,1,0.7820254643761549,High Risk
C101984,492,1,77844.26,77844.26,7.0,0.0,0.0,0.0,1,0.7360557138381103,High Risk
C105752,145,2,77206.3,38603.15,5.0,1.0,0.0,0.0,1,0.6180040829316422,High Risk
C103017,84,1,77141.05,77141.05,19.0,9.0,1.0,0.0,0,0.6744444795930288,High Risk
C109914,634,1,77084.2825,77084.2825,7.0,2.0,0.0,1.0,1,0.6924064855310786,High Risk
C100453,584,1,76985.577,76985.577,13.0,2.0,0.0,1.0,1,0.7361440895379657,High Risk
C104287,568,1,76923.2,76923.2,5.0,2.0,1.0,0.0,1,0.7843691546823882,High Risk
C109638,376,1,76333.43000000001,76333.43000000001,8.0,4.0,1.0,0.0,1,0.7527678652233845,High Risk
C107089,277,1,75695.951,75695.951,6.0,2.0,2.0,1.0,1,0.8280283264508742,High Risk
C103136,627,2,75592.2485,37796.12424999999,8.0,1.0,2.0,1.0,1,0.6544778965313207,High Risk
C107220,525,2,75449.33,37724.665,9.0,1.0,0.0,0.0,1,0.6015511309306061,High Risk
C105795,254,1,75067.93,75067.93,8.0,4.0,0.0,0.0,1,0.7591859541389843,High Risk
C110147,202,2,75047.757,37523.8785,4.0,0.0,2.0,0.5,1,0.6018042579797932,High Risk
C102082,183,2,74805.2385,37402.61925,4.0,0.0,1.0,1.0,1,0.6015851704230455,High Risk
C112405,734,1,74564.265,74564.265,8.0,0.0,1.0,1.0,1,0.8084197139086862,High Risk
C106344,403,1,74558.979,74558.979,8.0,3.0,0.0,1.0,1,0.6910196175242618,High Risk
C101045,94,2,74445.48999999999,37222.744999999995,9.0,1.0,0.0,0.0,1,0.6071419934569612,High Risk
C110104,632,1,74391.50700000001,74391.50700000001,12.0,5.0,0.0,1.0,1,0.734241651670028,High Risk
C101761,195,1,74349.16,74349.16,12.0,3.0,0.0,0.0,1,0.7472256178185711,High Risk
C112622,68,1,74108.18,74108.18,8.0,3.0,0.0,0.0,0,0.7176824635235021,High Risk
C111324,274,2,74054.943,37027.4715,5.0,3.0,2.0,1.0,1,0.6722103876145198,High Risk
C101130,203,1,74019.38,74019.38,9.0,4.0,0.0,0.0,1,0.7288013237066496,High Risk
C114143,304,2,73930.3,36965.15,6.0,3.0,1.0,0.0,1,0.6004647709482039,High Risk
C105705,139,2,73878.85,36939.425,6.0,2.0,1.0,0.0,1,0.6098611738828563,High Risk
C101905,10,1,73850.036,73850.036,5.0,2.0,0.0,1.0,0,0.6365972206201886,High Risk
C103621,142,2,73738.02,36869.01,10.0,3.0,0.0,0.0,1,0.6070281752274379,High Risk
C114406,643,1,73714.17,73714.17,6.0,2.0,0.0,0.0,1,0.7719900786039317,High Risk
C108166,49,1,73486.3505,73486.3505,5.0,2.0,0.0,1.0,0,0.6474694170541828,High Risk
C113264,492,2,73269.651,36634.8255,9.0,1.0,2.0,0.5,1,0.6445472921339862,High Risk
C109308,35,2,72951.64199999999,36475.820999999996,8.0,1.0,0.0,0.5,0,0.6026873786934598,High Risk
C101558,935,1,72871.497,72871.497,11.0,2.0,1.0,1.0,1,0.7923666624365571,High Risk
C106299,370,2,72869.2,36434.6,9.0,3.0,0.0,0.0,1,0.6269426344138235,High Risk
C113261,239,2,72750.84999999999,36375.425,9.0,2.0,0.0,0.0,1,0.6248638804019006,High Risk
C114722,235,1,72404.887,72404.887,9.0,2.0,0.0,1.0,1,0.7255230306038478,High Risk
C107387,112,2,72358.60800000001,36179.304,6.0,1.0,0.0,0.5,1,0.6049582905040166,High Risk
C105422,3,2,72116.34,36058.17,4.0,2.0,0.0,0.0,0,0.6051866894229818,High Risk
C110554,505,2,71965.72,35982.86,9.0,5.0,0.0,0.0,1,0.6505484148276333,High Risk
C109469,234,1,71887.564,71887.564,10.0,1.0,0.0,1.0,1,0.7593135765714433,High Risk
C108175,184,2,71731.61,35865.805,4.0,2.0,0.0,0.5,1,0.6016436935241515,High Risk
C106035,410,1,71437.7295,71437.7295,11.0,4.0,1.0,1.0,1,0.7463871079972586,High Risk
C112065,220,2,71431.541,35715.7705,10.0,5.0,0.0,0.5,1,0.6199555454487686,High Risk
C103945,14,2,71410.48,35705.240000000005,6.0,2.0,4.0,1.0,0,0.6215066211860498,High Risk
C112259,194,1,71376.21,71376.21,5.0,0.0,1.0,1.0,1,0.762358239622822,High Risk
C107421,257,1,71215.209,71215.209,9.0,2.0,1.0,1.0,1,0.7980547583129048,High Risk
C112007,1054,1,71195.24,71195.24,13.0,3.0,0.0,0.0,1,0.7851647659216553,High Risk
C107144,211,3,71180.506,23726.835333333333,20.0,6.0,0.0,0.3333333333333333,1,0.655886126035572,High Risk
C113628,239,2,71158.857,35579.428499999995,10.0,5.0,1.0,0.5,1,0.6121474195716586,High Risk
C112875,9,1,71144.784,71144.784,11.0,2.0,0.0,1.0,0,0.6499090268324055,High Risk
C100155,546,2,71012.29800000001,35506.149000000005,7.0,1.0,1.0,0.5,1,0.611006291216038,High Risk
C111223,406,1,70956.63,70956.63,8.0,4.0,1.0,0.0,1,0.7874923548592225,High Risk
C113464,247,1,70658.53,70658.53,7.0,1.0,0.0,0.0,1,0.7966115990617226,High Risk
C104955,250,1,70604.91,70604.91,12.0,4.0,1.0,0.0,1,0.7921809221658933,High Risk
C101701,216,1,70452.5475,70452.5475,11.0,3.0,1.0,1.0,1,0.8019494332903156,High Risk
C105348,243,1,70409.649,70409.649,14.0,1.0,0.0,1.0,1,0.7933721697525681,High Risk
C104886,242,2,70304.92050000001,35152.46025,5.0,1.0,1.0,1.0,1,0.6042047012086011,High Risk
C103570,617,1,70134.83,70134.83,6.0,0.0,1.0,0.0,1,0.7575011363166879,High Risk
C103372,685,1,69680.28,69680.28,12.0,4.0,1.0,0.0,1,0.7871809221658933,High Risk
C112497,166,2,69652.678,34826.339,6.0,2.0,1.0,0.5,1,0.6067768375369293,High Risk
C100339,472,1,69596.334,69596.334,13.0,2.0,1.0,1.0,1,0.8314420068956914,High Risk
C104642,54,2,69556.051,34778.0255,10.0,2.0,1.0,0.5,0,0.6034049188737325,High Risk
C110819,617,2,69535.825,34767.9125,6.0,2.0,2.0,0.5,1,0.6084574189741223,High Risk
C103086,7,2,69426.037,34713.0185,10.0,2.0,2.0,1.0,0,0.613840089914057,High Risk
C107863,30,1,69378.462,69378.462,11.0,2.0,0.0,1.0,0,0.6473804789900509,High Risk
C106386,343,2,69296.182,34648.091,11.0,2.0,2.0,1.0,1,0.6383094575305424,High Risk
C100595,193,1,69182.458,69182.458,9.0,0.0,1.0,1.0,1,0.8351183198553062,High Risk
C104159,49,1,69063.69,69063.69,12.0,2.0,0.0,0.0,0,0.7579225865888918,High Risk
C109786,583,2,69062.64,34531.32,10.0,5.0,0.0,0.0,1,0.6170665662352163,High Risk
C100938,139,2,68990.16,34495.08,6.0,0.0,0.0,0.5,1,0.6009401600585998,High Risk
C101110,579,1,68951.55,68951.55,10.0,1.0,2.0,0.0,1,0.8601964974190736,High Risk
C108055,167,2,68725.60800000001,34362.804000000004,8.0,2.0,0.0,0.5,1,0.6003867271209857,High Risk
C103236,190,1,68691.76999999999,68691.76999999999,8.0,0.0,0.0,0.0,1,0.7891127799190035,High Risk
C101971,280,1,68548.54999999999,68548.54999999999,12.0,2.0,1.0,0.0,1,0.7816177219914784,High Risk
C114915,189,1,68446.16,68446.16,4.0,0.0,0.0,0.0,1,0.7893744351647649,High Risk
C113543,231,2,68048.502,34024.251000000004,7.0,3.0,0.0,0.5,1,0.6029943810036178,High Risk
C103879,421,2,68034.13,34017.065,11.0,3.0,0.0,0.0,1,0.6071312267693778,High Risk
C101405,755,1,68008.77900000001,68008.77900000001,16.0,3.0,1.0,1.0,1,0.8317893972817886,High Risk
C110449,429,2,67930.47,33965.235,5.0,1.0,0.0,0.0,1,0.6277651126064615,High Risk
C103925,642,1,67860.846,67860.846,8.0,0.0,1.0,1.0,1,0.8366556023456408,High Risk
C114023,176,2,67834.5805,33917.29025,11.0,0.0,0.0,0.5,1,0.6079973612522921,High Risk
C103987,264,2,67746.8895,33873.444749999995,7.0,1.0,0.0,0.5,1,0.6103040377608324,High Risk
C104325,360,2,67729.719,33864.8595,7.0,1.0,0.0,0.5,1,0.6103040377608324,High Risk
C110914,47,2,67715.803,33857.9015,10.0,3.0,1.0,0.5,0,0.6018237772598475,High Risk
C106796,2,2,67422.52,33711.26,4.0,1.0,0.0,0.0,0,0.6061962283715687,High Risk
C106256,348,1,67329.72,67329.72,11.0,4.0,0.0,0.0,1,0.7604651135576116,High Risk
C114432,3,2,67263.0,33631.5,10.0,4.0,0.0,0.0,0,0.6080242549697007,High Risk
C111233,50,2,67256.96,33628.479999999996,8.0,2.0,0.0,0.0,0,0.608799066741336,High Risk
C106214,610,1,67202.65,67202.65,7.0,2.0,0.0,0.0,1,0.7983070959675179,High Risk
C110047,464,1,66989.9815,66989.9815,9.0,3.0,1.0,1.0,1,0.7853879189041977,High Risk
C101597,680,1,66902.58,66902.58,5.0,2.0,0.0,0.0,1,0.797812759761619,High Risk
C103657,876,1,66866.264,66866.264,10.0,1.0,0.0,1.0,1,0.7581399482257022,High Risk
C109599,194,2,66732.61,33366.305,9.0,4.0,1.0,0.0,1,0.6172852309641367,High Risk
C102462,216,2,66720.7695,33360.38475,10.0,2.0,0.0,0.5,1,0.6038849965987424,High Risk
C102207,660,2,66667.69,33333.845,9.0,2.0,0.0,0.5,1,0.6076127018709829,High Risk
C113277,278,2,66554.47,33277.235,7.0,3.0,0.0,0.0,1,0.6111968397828507,High Risk
C113848,100,2,66436.71399999999,33218.356999999996,10.0,2.0,0.0,0.5,1,0.6018001651126099,High Risk
C108494,11,1,66432.9,66432.9,10.0,2.0,1.0,0.0,0,0.6874510853035622,High Risk
C100742,199,2,66427.13,33213.565,5.0,1.0,1.0,0.0,1,0.6235470884137854,High Risk
C105764,79,2,66426.062,33213.031,9.0,1.0,1.0,0.5,0,0.6023867685895125,High Risk
C100824,250,2,66424.137,33212.0685,9.0,3.0,0.0,0.5,1,0.6091991614647035,High Risk
C113632,553,1,66368.43000000001,66368.43000000001,6.0,2.0,1.0,0.0,1,0.7523157380969415,High Risk
C110489,244,2,66308.45499999999,33154.22749999999,8.0,1.0,2.0,0.5,1,0.620890835382811,High Risk
C110517,121,2,66247.0005,33123.50025,10.0,3.0,0.0,0.5,1,0.6056939696035059,High Risk
C113276,263,2,66222.459,33111.2295,10.0,6.0,0.0,0.5,1,0.6135727939678604,High Risk
C106824,267,1,66188.02,66188.02,9.0,4.0,0.0,0.0,1,0.7276456686286034,High Risk
C106423,558,2,66024.2705,33012.13525,8.0,2.0,1.0,0.5,1,0.6046506375873754,High Risk
C109254,95,2,66023.789,33011.8945,3.0,1.0,1.0,0.5,1,0.60413618724677,High Risk
C100041,12,2,66021.92,33010.96,9.0,3.0,1.0,0.0,0,0.6138389165540559,High Risk
C107415,193,1,66008.709,66008.709,6.0,3.0,0.0,1.0,1,0.6822347759207446,High Risk
C108292,66,2,66004.43,33002.215,10.0,5.0,0.0,0.0,0,0.6254005745546923,High Risk
C104619,723,1,65942.23,65942.23,7.0,3.0,1.0,0.0,1,0.7421235163740671,High Risk
C101230,29,1,65740.45999999999,65740.45999999999,9.0,2.0,1.0,0.0,0,0.6828011090379246,High Risk
C107574,318,2,65712.7175,32856.35875,7.0,1.0,1.0,0.5,1,0.611102441440305,High Risk
C108052,298,2,65613.8655,32806.93275,8.0,1.0,0.0,0.5,1,0.6087870809564583,High Risk
C111487,416,2,65422.824,32711.412,7.0,3.0,0.0,0.5,1,0.6076077262494083,High Risk
C110644,298,2,65388.013999999996,32694.006999999998,8.0,6.0,1.0,0.5,1,0.6304951343891407,High Risk
C102403,321,2,65378.05,32689.024999999998,9.0,2.0,0.0,0.0,1,0.6260752358287437,High Risk
C111448,242,2,65269.746,32634.873,5.0,2.0,1.0,0.5,1,0.6094605739192832,High Risk
C103567,95,2,65187.284,32593.642,9.0,3.0,0.0,0.5,1,0.6167063438619045,High Risk
C110229,298,2,65185.162,32592.581,7.0,2.0,0.0,0.5,1,0.6084825725232104,High Risk
C103297,344,2,65152.29,32576.145,8.0,2.0,0.0,0.0,1,0.6207749098583246,High Risk
C100024,329,1,65102.04,65102.04,10.0,1.0,1.0,0.0,1,0.6867034366995738,High Risk
C101012,13,1,65048.5365,65048.5365,8.0,3.0,0.0,1.0,0,0.6539296824463644,High Risk
C109852,217,2,64895.343499999995,32447.671749999998,8.0,5.0,0.0,0.5,1,0.6158901403311603,High Risk
C107150,429,1,64877.03999999999,64877.03999999999,10.0,3.0,0.0,0.0,1,0.6847920706277836,High Risk
C113903,170,2,64786.8,32393.4,5.0,1.0,1.0,0.5,1,0.6005239495875558,High Risk
C104187,513,1,64708.72,64708.72,9.0,3.0,1.0,0.0,1,0.7006751188756891,High Risk
C105508,810,1,64667.81,64667.81,7.0,1.0,0.0,0.0,1,0.7254610875617812,High Risk
C102063,48,2,64641.74,32320.87,7.0,1.0,0.0,0.0,0,0.6044913922353478,High Risk
C105871,157,1,64612.06999999999,64612.06999999999,8.0,2.0,0.0,1.0,1,0.68529590632573,High Risk
C112964,151,2,64500.468,32250.234,10.0,1.0,0.0,0.5,1,0.6082190632374188,High Risk
C102704,240,2,64415.7,32207.85,5.0,1.0,0.0,0.0,1,0.6190473531215597,High Risk
C110294,273,2,64357.848,32178.924000000003,11.0,4.0,0.0,0.5,1,0.6011542613861885,High Risk
C106077,129,1,64298.479999999996,64298.479999999996,8.0,2.0,0.0,0.0,1,0.7094675915316914,High Risk
C112232,67,1,64260.46,64260.46,12.0,3.0,0.0,0.0,0,0.6317427602244694,High Risk
C114221,118,2,64234.589,32117.2945,9.0,3.0,0.0,0.5,1,0.6042529254600406,High Risk
C114575,141,1,64104.83,64104.83,6.0,2.0,0.0,0.0,1,0.6737822029421685,High Risk
C108558,518,2,64045.109,32022.5545,11.0,3.0,1.0,0.5,1,0.6009263512231299,High Risk
C113058,12,1,63924.873,63924.873,4.0,0.0,1.0,1.0,0,0.6344083528274119,High Risk
C114480,-1,2,63914.7455,31957.37275,10.0,2.0,1.0,0.5,0,0.6086096034871445,High Risk
C109471,214,2,63762.92,31881.460000000003,8.0,2.0,1.0,0.0,1,0.6088081897078349,High Risk
C100627,36,2,63667.4,31833.699999999997,7.0,3.0,0.0,0.0,0,0.6077750733971243,High Risk
C102521,25,2,63598.061499999996,31799.030749999998,8.0,5.0,1.0,0.5,0,0.6120504926226346,High Risk
C111250,139,2,63579.9,31789.95,10.0,1.0,1.0,0.0,1,0.6233984487601361,High Risk
C112136,531,2,63444.3115,31722.15575,10.0,6.0,0.0,0.5,1,0.6101769860905387,High Risk
C109967,211,2,63201.7655,31600.882749999997,2.0,1.0,1.0,1.0,1,0.6008664014966868,High Risk
C107739,39,2,63163.68149999999,31581.84075,10.0,3.0,0.0,0.5,0,0.6019103745483119,High Risk
C103705,435,2,63159.41,31579.705,8.0,0.0,1.0,0.0,1,0.62093045641051,High Risk
C104790,56,1,63090.23,63090.23,6.0,1.0,0.0,0.0,0,0.6175450694439931,High Risk
C100260,51,1,63055.18,63055.18,8.0,1.0,1.0,0.0,0,0.6516910606718502,High Risk
C107785,173,1,63027.264,63027.264,6.0,1.0,1.0,1.0,1,0.6937219167090689,High Risk
C108583,429,2,62693.00000000001,31346.5,8.0,2.0,0.0,0.0,1,0.6109603582656602,High Risk
C112769,331,2,62368.871,31184.4355,13.0,6.0,0.0,0.5,1,0.6031367140313503,High Risk
C111821,54,2,62302.2245,31151.11225,8.0,6.0,1.0,0.5,0,0.6122142755041755,High Risk
C109587,671,2,62260.94,31130.47,19.0,5.0,0.0,0.0,1,0.637992618066891,High Risk
C103072,511,2,62213.2935,31106.646749999996,10.0,5.0,0.0,0.5,1,0.6045428521750298,High Risk
C109268,330,1,62187.1475,62187.1475,14.0,4.0,0.0,1.0,1,0.7572983051822765,High Risk
C111688,311,2,62153.02,31076.51,8.0,5.0,2.0,0.0,1,0.6235715621964634,High Risk
C107304,16,1,62135.979999999996,62135.979999999996,10.0,3.0,0.0,0.0,0,0.6208860799863577,High Risk
C105881,144,2,62112.219,31056.1095,4.0,1.0,2.0,1.0,1,0.6032154695967946,High Risk
C110445,187,2,61904.867,30952.4335,11.0,0.0,0.0,0.5,1,0.6014690603122754,High Risk
C112349,531,2,61869.020000000004,30934.510000000002,9.0,3.0,0.0,0.0,1,0.6160372641877837,High Risk
C113854,127,2,61776.416,30888.208,9.0,2.0,1.0,0.5,1,0.602945356271671,High Risk
C105474,370,1,61774.38,61774.38,12.0,1.0,0.0,0.0,1,0.6351431449382343,High Risk
C112012,270,2,61766.761,30883.3805,10.0,2.0,1.0,0.5,1,0.6036884163628637,High Risk
C113672,36,1,61744.29299999999,61744.29299999999,4.0,0.0,0.0,1.0,0,0.7015123390880628,High Risk
C113766,113,2,61717.21,30858.605000000003,6.0,0.0,1.0,0.0,1,0.6089050416829938,High Risk
C107137,361,1,61676.289,61676.289,5.0,1.0,0.0,1.0,1,0.6992780854514958,High Risk
C105193,195,2,61628.049,30814.0245,11.0,3.0,2.0,1.0,1,0.6450371045524467,High Risk
C110079,276,1,61569.062999999995,61569.062999999995,3.0,0.0,0.0,1.0,1,0.6971009381545548,High Risk
C111232,30,2,61460.554000000004,30730.277000000002,8.0,2.0,2.0,1.0,0,0.626322537220656,High Risk
C113974,155,1,61271.559,61271.559,13.0,3.0,0.0,1.0,1,0.7520605245126992,High Risk
C101151,365,2,61249.70049999999,30624.85025,10.0,1.0,0.0,0.5,1,0.600013347532455,High Risk
C109569,562,2,61202.723,30601.361500000003,9.0,1.0,0.0,1.0,1,0.6084221056112661,High Risk
C112255,257,2,60927.219,60927.219,10.0,3.0,1.0,1.0,1,0.6218816342644488,High Risk
C101474,623,2,60891.336500000005,30445.668250000002,11.0,3.0,1.0,1.0,1,0.6148364941815515,High Risk
C103028,38,1,60649.74399999999,60649.74399999999,10.0,3.0,0.0,1.0,0,0.6714478284303977,High Risk
C107291,249,2,60646.99,30323.495,7.0,1.0,0.0,0.0,1,0.6045281240920173,High Risk
C114051,372,1,60639.991500000004,60639.991500000004,6.0,2.0,0.0,1.0,1,0.6813596830438358,High Risk
C114253,239,1,60581.76000000001,60581.76000000001,6.0,3.0,1.0,0.0,1,0.6855432984288312,High Risk
C103854,28,1,60419.943,60419.943,10.0,2.0,0.0,1.0,0,0.6913833280070861,High Risk
C111876,245,1,60236.8685,60236.8685,8.0,1.0,0.0,1.0,1,0.6979950415705959,High Risk
C102107,544,1,60232.479999999996,60232.479999999996,7.0,2.0,0.0,0.0,1,0.663411295136264,High Risk
C106716,43,1,60134.26000000001,60134.26000000001,3.0,0.0,0.0,0.0,0,0.6783520319247799,High Risk
C111160,27,1,59981.031,59981.031,4.0,3.0,1.0,1.0,0,0.6299713143790533,High Risk
C107321,599,1,59784.01299999999,59784.01299999999,9.0,3.0,0.0,1.0,1,0.6980677799826991,High Risk
C100464,237,1,59767.093499999995,59767.093499999995,6.0,1.0,0.0,1.0,1,0.7024062507044339,High Risk
C111601,459,1,59749.56,59749.56,10.0,2.0,0.0,0.0,1,0.6523731926519183,High Risk
C103384,421,1,59624.812000000005,59624.812000000005,5.0,2.0,0.0,1.0,1,0.6754713000470494,High Risk
C110765,150,1,59383.92049999999,59383.92049999999,8.0,1.0,1.0,1.0,1,0.7522887468886624,High Risk
C109626,119,1,59254.52099999999,59254.52099999999,14.0,8.0,0.0,1.0,1,0.7459169429032342,High Risk
C100828,468,1,59194.44900000001,59194.44900000001,11.0,4.0,0.0,1.0,1,0.695967543274414,High Risk
C102799,45,1,59139.21,59139.21,5.0,1.0,0.0,1.0,0,0.6845181475210257,High Risk
C109066,357,1,59002.26400000001,59002.26400000001,12.0,1.0,0.0,1.0,1,0.7211679271929846,High Risk
C111745,1,1,58892.69,58892.69,7.0,2.0,0.0,0.0,0,0.6281417362790441,High Risk
C113329,88,1,58799.58,58799.58,7.0,3.0,0.0,0.0,0,0.6288565223173137,High Risk
C106928,117,1,58743.3545,58743.3545,7.0,3.0,0.0,1.0,1,0.6961302492379926,High Risk
C100506,752,1,58581.619999999995,58581.619999999995,8.0,1.0,0.0,0.0,1,0.6365880735974104,High Risk
C104553,59,1,58552.06,58552.06,7.0,2.0,0.0,0.0,0,0.6259768438624697,High Risk
C113544,156,2,58545.077,29272.5385,6.0,0.0,0.0,1.0,1,0.6002998193464166,High Risk
C107155,144,2,58425.553499999995,29212.776749999997,11.0,3.0,0.0,1.0,1,0.6035276964611043,High Risk
C106760,74,1,58404.93000000001,58404.93000000001,12.0,2.0,0.0,0.0,0,0.6120041548526963,High Risk
C104022,145,1,58383.008,58383.008,11.0,2.0,0.0,1.0,1,0.7055693855839468,High Risk
C104933,280,2,58368.0025,29184.00125,10.0,1.0,0.0,1.0,1,0.6148123272549283,High Risk
C102698,89,2,58236.53,29118.265,7.0,2.0,0.0,0.0,0,0.6010826345032501,High Risk
C105251,219,2,58215.7895,29107.89475,9.0,1.0,0.0,1.0,1,0.609299158185202,High Risk
C106604,319,2,58168.556,29084.278,10.0,0.0,0.0,0.5,1,0.6034015446078224,High Risk
C100782,523,2,57871.288,28935.644,10.0,5.0,1.0,0.5,1,0.6002556397707424,High Risk
C104006,146,1,57866.231999999996,57866.231999999996,8.0,2.0,0.0,1.0,1,0.6985230915110634,High Risk
C113483,459,2,57818.27,28909.135000000002,4.0,1.0,0.0,0.0,1,0.6039598481747345,High Risk
C102319,193,2,57801.7955,28900.897749999996,11.0,3.0,0.0,1.0,1,0.601215947494519,High Risk
C100203,293,2,57673.353,28836.6765,7.0,1.0,2.0,1.0,1,0.6121599219109367,High Risk
C101900,145,1,57592.04749999999,57592.04749999999,11.0,3.0,0.0,1.0,1,0.7120694416911612,High Risk
C105471,604,1,57586.67,57586.67,14.0,4.0,0.0,0.0,1,0.6670080412991374,High Risk
C111573,45,2,57548.729999999996,28774.364999999998,8.0,2.0,0.0,0.0,0,0.6052448127451612,High Risk
C102471,164,1,56957.9245,56957.9245,9.0,3.0,0.0,1.0,1,0.7043849265587642,High Risk
C102268,291,2,56946.738000000005,28473.369000000002,9.0,1.0,1.0,1.0,1,0.6108812970848198,High Risk
C107333,402,2,56936.95,28468.475,10.0,6.0,0.0,0.0,1,0.617323372588413,High Risk
C105613,69,1,56519.167,56519.167,7.0,1.0,1.0,1.0,0,0.7534088232739399,High Risk
C114094,109,1,56377.422999999995,56377.422999999995,4.0,1.0,1.0,1.0,1,0.7327409866520782,High Risk
C102451,130,2,56359.0015,28179.50075,13.0,5.0,2.0,0.5,1,0.6102779982783655,High Risk
C110547,244,2,56330.88,28165.44,7.0,1.0,0.0,0.0,1,0.601929259295301,High Risk
C102116,342,1,56315.770000000004,56315.770000000004,10.0,2.0,1.0,0.0,1,0.6777510705269038,High Risk
C108260,16,2,56073.218,28036.608999999997,11.0,5.0,0.0,0.5,0,0.6050787894830116,High Risk
C114750,227,2,55961.597,27980.798499999997,9.0,1.0,1.0,1.0,1,0.6106608146913688,High Risk
C108145,34,1,55862.53,55862.53,4.0,0.0,1.0,0.0,0,0.6560685622603164,High Risk
C101017,39,1,55832.5,55832.5,7.0,2.0,0.0,0.0,0,0.6541947307568096,High Risk
C100994,750,1,55831.43,55831.43,8.0,2.0,2.0,0.0,1,0.7774810125102992,High Risk
C100547,143,1,55812.47,55812.47,4.0,2.0,0.0,0.0,1,0.6915431957015882,High Risk
C113899,163,1,55794.6,55794.6,5.0,1.0,1.0,0.0,1,0.7076184096545726,High Risk
C110623,454,1,55760.19,55760.19,7.0,5.0,1.0,0.0,1,0.6801013673630605,High Risk
C106448,240,2,55737.25,27868.625,6.0,3.0,2.0,0.0,1,0.6076082127377934,High Risk
C104721,179,1,55719.514500000005,55719.514500000005,5.0,0.0,1.0,1.0,1,0.754809258632849,High Risk
C112661,375,1,55716.48,55716.48,9.0,4.0,1.0,0.0,1,0.7015707999274367,High Risk
C114944,440,1,55630.06,55630.06,11.0,2.0,0.0,0.0,1,0.6456021921122646,High Risk
C102522,369,2,55532.034,27766.017,10.0,1.0,0.0,1.0,1,0.6132370270393284,High Risk
C114503,167,1,55448.130000000005,55448.130000000005,9.0,2.0,0.0,0.0,1,0.6765047292347116,High Risk
C101184,17,1,55307.6045,55307.6045,7.0,3.0,0.0,1.0,0,0.6882624854828407,High Risk
C114095,869,1,54852.1735,54852.1735,8.0,6.0,2.0,1.0,1,0.8024324698275297,High Risk
C108205,254,1,54805.53,54805.53,10.0,3.0,0.0,0.0,1,0.6609446750221675,High Risk
C111893,265,2,54586.238,27293.119,11.0,1.0,0.0,1.0,1,0.6243397705042018,High Risk
C102624,88,1,54473.328,54473.328,6.0,1.0,0.0,1.0,0,0.6669613288588646,High Risk
C104018,56,1,54444.85,54444.85,10.0,5.0,0.0,0.0,0,0.6255254821966595,High Risk
C106754,84,1,54436.78800000001,54436.78800000001,6.0,3.0,1.0,1.0,0,0.6980715877837608,High Risk
C106065,109,1,54280.254499999995,54280.254499999995,3.0,1.0,0.0,1.0,1,0.6858321252019947,High Risk
C109788,85,1,54162.23,54162.23,11.0,1.0,0.0,0.0,0,0.6144583386862865,High Risk
C101154,41,1,54137.086500000005,54137.086500000005,9.0,1.0,0.0,1.0,0,0.6762299418127268,High Risk
C107022,22,1,54061.57,54061.57,14.0,4.0,0.0,0.0,0,0.647802352376219,High Risk
C113636,135,2,54044.612499999996,27022.306249999998,10.0,5.0,0.0,0.5,1,0.6088703263609873,High Risk
C104266,115,1,53994.869999999995,53994.869999999995,6.0,2.0,0.0,0.0,1,0.6676521804730935,High Risk
C105435,387,1,53989.992000000006,53989.992000000006,11.0,0.0,0.0,1.0,1,0.7080846305382105,High Risk
C113495,143,2,53934.3155,26967.15775,8.0,5.0,0.0,0.5,1,0.6079711852537456,High Risk
C107692,371,1,53934.11,53934.11,7.0,0.0,0.0,0.0,1,0.6657160191600999,High Risk
C100537,161,2,53894.078,26947.039,14.0,5.0,0.0,0.5,1,0.6096506273583766,High Risk
C103252,253,2,53782.630000000005,26891.315,10.0,4.0,0.0,0.0,1,0.603530693008704,High Risk
C114300,106,2,53710.990000000005,26855.495000000003,9.0,4.0,1.0,0.0,1,0.6031188381820616,High Risk
C104536,95,2,53575.679000000004,26787.839500000002,11.0,3.0,1.0,1.0,1,0.6081352017474595,High Risk
C108604,4,1,53501.244,53501.244,15.0,3.0,0.0,1.0,0,0.6550351412560861,High Risk
C110520,197,1,53461.8,53461.8,10.0,3.0,1.0,1.0,1,0.7100923011964977,High Risk
C101290,67,1,53284.365000000005,53284.365000000005,8.0,4.0,0.0,1.0,0,0.6456324209865164,High Risk
C110660,482,1,53243.5,53243.5,14.0,4.0,0.0,0.0,1,0.6850012776871615,High Risk
C101574,111,2,53118.5905,26559.295250000003,10.0,2.0,2.0,1.0,1,0.6371408526435496,High Risk
C101319,27,1,53105.76000000001,53105.76000000001,8.0,2.0,0.0,1.0,0,0.6576917042259397,High Risk
C114862,4,1,53071.979999999996,53071.979999999996,7.0,1.0,0.0,0.0,0,0.659705093907035,High Risk
C104650,209,1,53004.15,53004.15,7.0,2.0,1.0,0.0,1,0.6947242039918027,High Risk
C102982,154,1,53000.979999999996,53000.979999999996,10.0,4.0,0.0,0.0,1,0.652265341390307,High Risk
C110415,18,1,52944.42,52944.42,5.0,2.0,0.0,0.0,0,0.6827749505261653,High Risk
C106037,77,2,52869.15,26434.575,10.0,5.0,0.0,0.0,0,0.6022445565457998,High Risk
C105347,9,1,52819.41650000001,52819.41650000001,12.0,2.0,0.0,1.0,0,0.7082348748152757,High Risk
C111559,354,2,52804.5815,26402.29075,12.0,3.0,2.0,1.0,1,0.6289851003177638,High Risk
C101682,139,1,52721.694,52721.694,9.0,1.0,0.0,1.0,1,0.6998693212394703,High Risk
C103257,333,1,52627.671,52627.671,7.0,4.0,0.0,1.0,1,0.6700304079834271,High Risk
C108132,193,2,52562.31,26281.155,14.0,5.0,0.0,0.0,1,0.6113489559475329,High Risk
C106416,269,1,52530.36,52530.36,6.0,1.0,1.0,0.0,1,0.6980423242117783,High Risk
C114560,9,1,52471.64749999999,52471.64749999999,11.0,4.0,1.0,1.0,0,0.6929521698489733,High Risk
C106264,198,1,52373.340000000004,52373.340000000004,13.0,3.0,2.0,0.0,1,0.7870863291136542,High Risk
C106909,46,1,52370.88,52370.88,7.0,0.0,0.0,0.0,0,0.6519419365772992,High Risk
C103688,147,1,52302.18000000001,52302.18000000001,8.0,2.0,0.0,0.0,1,0.67413530267078,High Risk
C101716,96,2,52299.0285,26149.51425,11.0,3.0,0.0,1.0,1,0.6001789614315632,High Risk
C109263,242,1,52171.54,52171.54,9.0,3.0,0.0,0.0,1,0.6746354717717385,High Risk
C103651,252,1,52076.65,52076.65,8.0,3.0,0.0,0.0,1,0.6780369035040043,High Risk
C114896,556,1,51986.91,51986.91,9.0,3.0,0.0,0.0,1,0.6740685399035914,High Risk
C108442,180,1,51903.549999999996,51903.549999999996,12.0,2.0,0.0,0.0,1,0.6603344397962881,High Risk
C114261,146,1,51880.0,51880.0,7.0,2.0,0.0,0.0,1,0.6668826464876,High Risk
C109861,222,1,51829.84,51829.84,11.0,4.0,0.0,0.0,1,0.6454262415493885,High Risk
C104922,613,2,51793.39899999999,25896.6995,14.0,5.0,0.0,0.5,1,0.6027488477624051,High Risk
C101301,301,1,51741.56800000001,51741.56800000001,7.0,0.0,0.0,1.0,1,0.7296486216670282,High Risk
C109251,164,1,51694.47,51694.47,7.0,1.0,0.0,0.0,1,0.6266871476076767,High Risk
C100433,39,1,51681.68,51681.68,8.0,1.0,0.0,0.0,0,0.6280983340430519,High Risk
C110647,473,1,51567.37,51567.37,6.0,1.0,0.0,0.0,1,0.6320623828444095,High Risk
C108714,694,2,51429.703499999996,25714.851749999998,10.0,1.0,1.0,1.0,1,0.6017982023489349,High Risk
C104250,382,1,51423.174,51423.174,8.0,4.0,0.0,1.0,1,0.699528406022154,High Risk
C109604,101,2,51337.840000000004,25668.920000000002,4.0,1.0,0.0,0.0,1,0.6000395476779294,High Risk
C114374,292,1,51310.848000000005,51310.848000000005,7.0,2.0,0.0,1.0,1,0.6952629035423662,High Risk
C101237,51,1,51289.85,51289.85,10.0,4.0,0.0,0.0,0,0.6033642265942941,High Risk
C107205,191,1,51259.32000000001,51259.32000000001,8.0,1.0,0.0,1.0,1,0.693971933273939,High Risk
C113578,441,1,51205.259999999995,51205.259999999995,7.0,2.0,0.0,0.0,1,0.6224300117162876,High Risk
C108979,311,1,51146.470499999996,51146.470499999996,10.0,5.0,0.0,1.0,1,0.7224782212756434,High Risk
C103267,551,2,51103.6035,25551.80175,7.0,2.0,2.0,1.0,1,0.6333827120269387,High Risk
C100006,211,2,51078.005000000005,25539.002500000002,10.0,3.0,2.0,1.0,1,0.6268778483613083,High Risk
C104005,641,2,51069.577999999994,25534.788999999997,7.0,2.0,2.0,1.0,1,0.6333827120269387,High Risk
C106016,891,1,51010.096000000005,51010.096000000005,5.0,2.0,0.0,1.0,1,0.6848746004182208,High Risk
C101430,432,1,50976.495,50976.495,9.0,5.0,0.0,1.0,1,0.7173991762238837,High Risk
C104010,331,1,50906.100000000006,50906.100000000006,6.0,2.0,0.0,0.0,1,0.6241706033662286,High Risk
C111182,5,1,50859.66,50859.66,8.0,2.0,0.0,0.0,0,0.622810153997811,High Risk
C111179,26,1,50753.56,50753.56,6.0,1.0,0.0,0.0,0,0.6215181932793584,High Risk
C101886,379,1,50652.090000000004,50652.090000000004,7.0,1.0,0.0,1.0,1,0.7008187349417919,High Risk
C114401,67,1,50600.347,50600.347,8.0,1.0,0.0,1.0,0,0.692545140246454,High Risk
C113921,198,1,50596.39,50596.39,5.0,2.0,0.0,0.0,1,0.648444233451975,High Risk
C111691,946,1,50591.15,50591.15,5.0,2.0,1.0,0.0,1,0.6734958223086425,High Risk
C111444,467,1,50567.67,50567.67,10.0,2.0,1.0,1.0,1,0.7319766441106798,High Risk
C112056,452,1,50519.512,50519.512,5.0,1.0,1.0,1.0,1,0.740198045820743,High Risk
C114391,122,1,50340.48,50340.48,9.0,2.0,0.0,0.0,1,0.6262581966066401,High Risk
C111540,93,1,50231.430499999995,50231.430499999995,8.0,1.0,0.0,1.0,1,0.7091348878903819,High Risk
C112183,545,1,50224.259999999995,50224.259999999995,9.0,1.0,0.0,0.0,1,0.6385046151961825,High Risk
C104797,458,1,50175.143,50175.143,11.0,3.0,0.0,1.0,1,0.7049422253988655,High Risk
C109840,565,1,50100.270000000004,50100.270000000004,4.0,2.0,0.0,0.0,1,0.6612386481096618,High Risk
C108669,519,1,49834.28999999999,49834.28999999999,10.0,4.0,1.0,0.0,1,0.6680707995120874,High Risk
C113541,900,1,49785.417,49785.417,7.0,3.0,0.0,1.0,1,0.6977504483048489,High Risk
C106547,319,1,49554.432,49554.432,11.0,3.0,0.0,1.0,1,0.7038401076731096,High Risk
C112919,71,1,49542.46400000001,49542.46400000001,8.0,2.0,0.0,1.0,0,0.6919542956686137,High Risk
C109922,20,1,49461.322499999995,49461.322499999995,9.0,4.0,0.0,1.0,0,0.6867448486357891,High Risk
C106727,55,1,48957.246,48957.246,10.0,3.0,0.0,1.0,0,0.6809532963655992,High Risk
